station:,LASCON_PC_local
process:,12222
workpiece code:,-
date:,11.10.2021
start:,10:08:43
duration:,56.271 s
PI:,456.53 %s
scriptno.:,-
error:,-

time,ATemp,STemp,CtrlOut,CtrlNr
0.000000,380.0,415.0,0.0,1
0.020000,380.0,415.0,0.2,1
0.040000,380.0,415.0,4.5,1
0.060000,380.0,415.0,20.0,1
0.080000,380.0,415.0,20.0,1
0.100000,380.0,415.0,20.0,1
0.120000,380.0,415.0,20.0,1
0.140000,380.0,415.0,20.0,1
0.160000,380.0,415.0,20.0,1
0.180000,380.0,415.0,20.0,1
0.200000,380.0,415.0,20.0,1
0.220000,380.0,415.0,20.0,1
0.240000,380.0,415.0,20.0,1
0.260000,380.0,415.0,20.0,1
0.280000,380.0,415.0,20.0,1
0.300000,387.5,415.0,20.0,1
0.320000,405.9,415.0,20.0,1
0.340000,422.6,415.0,16.8,1
0.360000,415.9,415.0,12.6,1
0.380000,418.5,415.0,11.2,1
0.400000,414.6,415.0,9.9,1
0.420000,415.1,415.0,9.3,1
0.440000,416.4,415.0,8.5,1
0.460000,416.1,415.0,8.0,1
0.480000,416.4,415.0,7.7,1
0.500000,413.5,415.0,7.4,1
0.520000,414.1,415.0,7.2,1
0.540000,416.4,415.0,6.9,1
0.560000,415.4,415.0,6.8,1
0.580000,415.9,415.0,6.5,1
0.600000,414.5,415.0,6.4,1
0.620000,415.5,415.0,6.7,1
0.640000,415.6,415.0,7.1,1
0.660000,413.8,415.0,7.6,1
0.680000,415.1,415.0,7.4,1
0.700000,413.3,415.0,7.3,1
0.720000,414.0,415.0,7.5,1
0.740000,413.8,415.0,7.4,1
0.760000,413.7,415.0,7.6,1
0.780000,413.6,415.0,7.5,1
0.800000,413.5,415.0,7.5,1
0.820000,416.0,415.0,7.6,1
0.840000,415.6,415.0,7.2,1
0.860000,412.6,415.0,7.7,1
0.880000,414.8,415.0,8.0,1
0.900000,416.5,415.0,7.6,1
0.920000,415.9,415.0,8.1,1
0.940000,414.2,415.0,7.8,1
0.960000,414.3,415.0,7.9,1
0.980000,413.8,415.0,8.1,1
1.000000,416.3,415.0,7.9,1
1.020000,415.2,415.0,8.0,1
1.040000,414.3,415.0,8.0,1
1.060000,416.0,415.0,8.3,1
1.080000,417.5,415.0,8.0,1
1.100000,414.0,415.0,8.0,1
1.120000,414.0,415.0,8.4,1
1.140000,415.0,415.0,8.4,1
1.160000,416.3,415.0,8.5,1
1.180000,413.2,415.0,8.0,1
1.200000,415.9,415.0,8.0,1
1.220000,412.1,415.0,8.3,1
1.240000,415.7,415.0,8.5,1
1.260000,415.1,415.0,8.2,1
1.280000,414.9,415.0,8.0,1
1.300000,416.0,415.0,8.1,1
1.320000,415.2,415.0,8.1,1
1.340000,414.3,415.0,8.3,1
1.360000,415.0,415.0,8.5,1
1.380000,413.1,415.0,8.3,1
1.400000,415.7,415.0,8.4,1
1.420000,416.1,415.0,8.2,1
1.440000,415.8,415.0,8.0,1
1.460000,414.8,415.0,8.3,1
1.480000,412.3,415.0,8.4,1
1.500000,416.4,415.0,8.4,1
1.520000,414.2,415.0,8.4,1
1.540000,414.8,415.0,7.8,1
1.560000,414.8,415.0,8.5,1
1.580000,414.6,415.0,8.4,1
1.600000,417.7,415.0,8.2,1
1.620000,414.5,415.0,8.3,1
1.640000,414.2,415.0,8.5,1
1.660000,416.0,415.0,8.1,1
1.680000,415.8,415.0,8.1,1
1.700000,414.7,415.0,8.6,1
1.720000,415.3,415.0,8.2,1
1.740000,415.4,415.0,8.3,1
1.760000,415.3,415.0,8.3,1
1.780000,414.1,415.0,8.4,1
1.800000,416.9,415.0,8.3,1
1.820000,416.0,415.0,8.7,1
1.840000,413.0,415.0,8.1,1
1.860000,416.8,415.0,8.2,1
1.880000,414.6,415.0,8.0,1
1.900000,415.8,415.0,8.4,1
1.920000,415.2,415.0,8.6,1
1.940000,416.4,415.0,8.1,1
1.960000,414.9,415.0,8.2,1
1.980000,414.9,415.0,8.4,1
2.000000,413.9,415.0,8.2,1
2.020000,415.1,415.0,8.2,1
2.040000,412.8,415.0,8.1,1
2.060000,416.9,415.0,8.4,1
2.080000,414.5,415.0,8.3,1
2.100000,415.5,415.0,8.3,1
2.120000,414.3,415.0,8.6,1
2.140000,416.7,415.0,8.2,1
2.160000,413.8,415.0,8.2,1
2.180000,412.2,415.0,8.4,1
2.200000,414.8,415.0,8.2,1
2.220000,416.4,415.0,8.3,1
2.240000,414.5,415.0,8.2,1
2.260000,416.8,415.0,8.5,1
2.280000,415.1,415.0,8.5,1
2.300000,417.1,415.0,8.0,1
2.320000,414.2,415.0,8.4,1
2.340000,414.7,415.0,7.9,1
2.360000,413.1,415.0,8.2,1
2.380000,416.2,415.0,8.4,1
2.400000,414.2,415.0,8.2,1
2.420000,413.1,415.0,8.5,1
2.440000,413.0,415.0,8.1,1
2.460000,413.8,415.0,8.2,1
2.480000,413.1,415.0,8.4,1
2.500000,415.6,415.0,8.3,1
2.520000,412.0,415.0,8.0,1
2.540000,413.4,415.0,7.9,1
2.560000,415.0,415.0,8.4,1
2.580000,415.8,415.0,8.2,1
2.600000,415.2,415.0,8.0,1
2.620000,415.2,415.0,8.1,1
2.640000,415.3,415.0,7.9,1
2.660000,413.9,415.0,8.2,1
2.680000,414.5,415.0,8.2,1
2.700000,414.0,415.0,8.2,1
2.720000,415.8,415.0,7.9,1
2.740000,417.4,415.0,8.0,1
2.760000,414.5,415.0,8.2,1
2.780000,412.9,415.0,8.0,1
2.800000,415.8,415.0,7.9,1
2.820000,415.7,415.0,8.2,1
2.840000,415.3,415.0,8.1,1
2.860000,414.3,415.0,8.3,1
2.880000,414.0,415.0,7.9,1
2.900000,415.2,415.0,8.0,1
2.920000,416.5,415.0,8.1,1
2.940000,415.4,415.0,8.0,1
2.960000,415.9,415.0,8.1,1
2.980000,413.9,415.0,8.1,1
3.000000,416.9,415.0,8.2,1
3.020000,415.2,415.0,8.2,1
3.040000,414.8,415.0,7.9,1
3.060000,413.6,415.0,8.3,1
3.080000,412.1,415.0,8.2,1
3.100000,414.7,415.0,8.2,1
3.120000,413.9,415.0,8.0,1
3.140000,415.8,415.0,8.2,1
3.160000,415.0,415.0,8.4,1
3.180000,413.0,415.0,8.3,1
3.200000,417.0,415.0,8.1,1
3.220000,413.3,415.0,8.0,1
3.240000,412.4,415.0,7.8,1
3.260000,412.8,415.0,8.1,1
3.280000,414.8,415.0,8.3,1
3.300000,414.2,415.0,8.3,1
3.320000,416.1,415.0,8.0,1
3.340000,414.3,415.0,8.2,1
3.360000,416.7,415.0,8.0,1
3.380000,414.9,415.0,8.3,1
3.400000,416.2,415.0,8.1,1
3.420000,415.9,415.0,8.4,1
3.440000,414.3,415.0,8.1,1
3.460000,413.2,415.0,8.0,1
3.480000,414.3,415.0,7.9,1
3.500000,414.0,415.0,8.4,1
3.520000,414.0,415.0,8.2,1
3.540000,415.3,415.0,8.0,1
3.560000,417.7,415.0,8.3,1
3.580000,412.5,415.0,8.1,1
3.600000,413.8,415.0,8.2,1
3.620000,412.7,415.0,8.4,1
3.640000,415.1,415.0,8.0,1
3.660000,414.1,415.0,7.9,1
3.680000,414.9,415.0,8.3,1
3.700000,413.7,415.0,8.4,1
3.720000,415.6,415.0,8.0,1
3.740000,415.8,415.0,8.4,1
3.760000,415.5,415.0,8.3,1
3.780000,415.3,415.0,8.1,1
3.800000,416.4,415.0,8.0,1
3.820000,416.8,415.0,8.2,1
3.840000,412.6,415.0,8.1,1
3.860000,415.2,415.0,8.5,1
3.880000,415.4,415.0,8.4,1
3.900000,414.8,415.0,7.7,1
3.920000,413.8,415.0,8.2,1
3.940000,416.9,415.0,8.3,1
3.960000,414.4,415.0,8.3,1
3.980000,415.0,415.0,8.3,1
4.000000,414.8,415.0,8.2,1
4.020000,413.7,415.0,8.2,1
4.040000,415.5,415.0,8.2,1
4.060000,415.2,415.0,8.2,1
4.080000,414.7,415.0,8.2,1
4.100000,415.8,415.0,8.2,1
4.120000,416.5,415.0,8.2,1
4.140000,415.3,415.0,8.1,1
4.160000,413.2,415.0,8.1,1
4.180000,415.2,415.0,8.2,1
4.200000,416.8,415.0,8.2,1
4.220000,415.0,415.0,8.5,1
4.240000,414.7,415.0,8.0,1
4.260000,416.5,415.0,8.3,1
4.280000,415.4,415.0,8.0,1
4.300000,413.7,415.0,7.9,1
4.320000,413.2,415.0,8.0,1
4.340000,414.5,415.0,8.5,1
4.360000,417.2,415.0,8.3,1
4.380000,414.4,415.0,8.0,1
4.400000,414.7,415.0,7.9,1
4.420000,415.8,415.0,8.1,1
4.440000,415.5,415.0,8.0,1
4.460000,415.9,415.0,8.5,1
4.480000,417.1,415.0,8.1,1
4.500000,415.6,415.0,8.2,1
4.520000,415.3,415.0,7.9,1
4.540000,414.9,415.0,8.0,1
4.560000,414.5,415.0,8.4,1
4.580000,415.8,415.0,8.1,1
4.600000,411.6,415.0,8.0,1
4.620000,412.6,415.0,8.1,1
4.640000,414.7,415.0,8.2,1
4.660000,416.5,415.0,8.1,1
4.680000,414.6,415.0,8.0,1
4.700000,413.2,415.0,8.1,1
4.720000,413.7,415.0,8.7,1
4.740000,415.2,415.0,7.9,1
4.760000,415.4,415.0,8.2,1
4.780000,415.4,415.0,8.1,1
4.800000,414.4,415.0,8.1,1
4.820000,415.7,415.0,8.3,1
4.840000,414.9,415.0,8.2,1
4.860000,415.6,415.0,8.4,1
4.880000,412.8,415.0,8.1,1
4.900000,414.7,415.0,8.2,1
4.920000,413.9,415.0,8.3,1
4.940000,413.8,415.0,8.1,1
4.960000,414.1,415.0,8.3,1
4.980000,414.8,415.0,8.1,1
5.000000,416.5,415.0,8.3,1
5.020000,413.3,415.0,8.3,1
5.040000,415.9,415.0,7.9,1
5.060000,414.5,415.0,8.1,1
5.080000,415.2,415.0,8.1,1
5.100000,415.5,415.0,8.3,1
5.120000,413.2,415.0,8.4,1
5.140000,415.6,415.0,8.1,1
5.160000,416.1,415.0,7.9,1
5.180000,412.6,415.0,8.3,1
5.200000,414.8,415.0,8.1,1
5.220000,415.5,415.0,8.2,1
5.240000,415.7,415.0,8.0,1
5.260000,414.6,415.0,8.1,1
5.280000,415.4,415.0,8.1,1
5.300000,416.0,415.0,8.2,1
5.320000,415.0,415.0,8.1,1
5.340000,413.4,415.0,8.0,1
5.360000,413.2,415.0,8.2,1
5.380000,414.7,415.0,8.3,1
5.400000,412.8,415.0,8.2,1
5.420000,413.1,415.0,8.3,1
5.440000,412.3,415.0,7.9,1
5.460000,414.2,415.0,8.3,1
5.480000,413.2,415.0,8.2,1
5.500000,415.7,415.0,8.1,1
5.520000,414.4,415.0,8.0,1
5.540000,413.6,415.0,8.1,1
5.560000,416.4,415.0,8.3,1
5.580000,414.8,415.0,8.4,1
5.600000,417.3,415.0,7.9,1
5.620000,413.3,415.0,8.1,1
5.640000,416.3,415.0,8.1,1
5.660000,411.3,415.0,8.7,1
5.680000,417.3,415.0,8.0,1
5.700000,413.0,415.0,8.2,1
5.720000,414.3,415.0,8.3,1
5.740000,415.4,415.0,8.1,1
5.760000,415.5,415.0,8.3,1
5.780000,415.1,415.0,8.2,1
5.800000,415.6,415.0,8.3,1
5.820000,414.8,415.0,8.4,1
5.840000,416.1,415.0,8.1,1
5.860000,415.0,415.0,8.0,1
5.880000,415.2,415.0,8.1,1
5.900000,416.9,415.0,8.2,1
5.920000,413.2,415.0,8.4,1
5.940000,414.2,415.0,8.2,1
5.960000,414.2,415.0,8.0,1
5.980000,415.4,415.0,8.1,1
6.000000,415.8,415.0,8.1,1
6.020000,414.1,415.0,8.3,1
6.040000,416.0,415.0,8.0,1
6.060000,416.0,415.0,8.5,1
6.080000,414.8,415.0,8.1,1
6.100000,414.9,415.0,8.3,1
6.120000,418.1,415.0,8.3,1
6.140000,414.5,415.0,8.1,1
6.160000,413.3,415.0,8.3,1
6.180000,415.9,415.0,8.2,1
6.200000,415.6,415.0,8.0,1
6.220000,415.4,415.0,8.2,1
6.240000,413.5,415.0,8.2,1
6.260000,416.9,415.0,8.0,1
6.280000,415.9,415.0,8.0,1
6.300000,416.1,415.0,8.2,1
6.320000,414.4,415.0,8.0,1
6.340000,413.6,415.0,8.1,1
6.360000,416.5,415.0,8.4,1
6.380000,415.3,415.0,8.1,1
6.400000,415.3,415.0,8.0,1
6.420000,416.1,415.0,8.1,1
6.440000,416.3,415.0,7.9,1
6.460000,414.2,415.0,8.4,1
6.480000,414.8,415.0,8.0,1
6.500000,414.2,415.0,8.0,1
6.520000,415.0,415.0,8.3,1
6.540000,415.8,415.0,8.1,1
6.560000,417.4,415.0,8.2,1
6.580000,413.4,415.0,8.2,1
6.600000,415.9,415.0,8.3,1
6.620000,415.7,415.0,8.2,1
6.640000,415.6,415.0,8.0,1
6.660000,416.1,415.0,8.5,1
6.680000,416.9,415.0,8.2,1
6.700000,414.7,415.0,8.0,1
6.720000,414.4,415.0,8.3,1
6.740000,414.7,415.0,8.2,1
6.760000,414.8,415.0,8.2,1
6.780000,412.0,415.0,8.1,1
6.800000,416.5,415.0,8.2,1
6.820000,416.0,415.0,8.3,1
6.840000,412.7,415.0,8.2,1
6.860000,415.9,415.0,8.2,1
6.880000,412.0,415.0,8.2,1
6.900000,415.9,415.0,8.3,1
6.920000,417.3,415.0,8.3,1
6.940000,413.4,415.0,8.0,1
6.960000,413.3,415.0,8.2,1
6.980000,415.1,415.0,8.3,1
7.000000,416.3,415.0,8.2,1
7.020000,413.6,415.0,8.2,1
7.040000,414.3,415.0,8.3,1
7.060000,416.5,415.0,8.4,1
7.080000,413.9,415.0,8.3,1
7.100000,416.9,415.0,8.0,1
7.120000,417.6,415.0,7.9,1
7.140000,414.7,415.0,8.5,1
7.160000,413.6,415.0,8.3,1
7.180000,415.8,415.0,7.9,1
7.200000,414.9,415.0,8.1,1
7.220000,415.4,415.0,8.2,1
7.240000,417.0,415.0,8.2,1
7.260000,416.0,415.0,8.4,1
7.280000,412.2,415.0,8.2,1
7.300000,416.2,415.0,8.4,1
7.320000,416.3,415.0,8.2,1
7.340000,415.0,415.0,8.0,1
7.360000,415.5,415.0,8.3,1
7.380000,411.0,415.0,8.2,1
7.400000,417.0,415.0,8.2,1
7.420000,415.4,415.0,8.2,1
7.440000,414.5,415.0,8.0,1
7.460000,415.2,415.0,8.3,1
7.480000,413.5,415.0,8.4,1
7.500000,415.3,415.0,8.2,1
7.520000,416.6,415.0,8.2,1
7.540000,414.6,415.0,8.1,1
7.560000,414.4,415.0,8.4,1
7.580000,413.7,415.0,8.1,1
7.600000,416.2,415.0,8.1,1
7.620000,414.1,415.0,8.4,1
7.640000,414.1,415.0,7.9,1
7.660000,413.6,415.0,8.2,1
7.680000,413.9,415.0,8.7,1
7.700000,416.9,415.0,8.3,1
7.720000,415.4,415.0,7.9,1
7.740000,415.5,415.0,8.1,1
7.760000,413.0,415.0,8.3,1
7.780000,416.1,415.0,8.2,1
7.800000,413.2,415.0,8.4,1
7.820000,414.0,415.0,8.4,1
7.840000,416.0,415.0,8.0,1
7.860000,414.6,415.0,8.0,1
7.880000,414.0,415.0,8.2,1
7.900000,414.3,415.0,8.3,1
7.920000,415.6,415.0,8.3,1
7.940000,414.9,415.0,8.3,1
7.960000,414.6,415.0,8.3,1
7.980000,415.0,415.0,8.0,1
8.000000,415.6,415.0,8.0,1
8.020000,414.4,415.0,8.3,1
8.040000,414.9,415.0,8.0,1
8.060000,415.3,415.0,8.4,1
8.080000,415.1,415.0,8.2,1
8.100000,416.5,415.0,8.1,1
8.120000,415.5,415.0,8.3,1
8.140000,415.8,415.0,8.0,1
8.160000,416.1,415.0,8.3,1
8.180000,415.3,415.0,8.5,1
8.200000,415.9,415.0,8.1,1
8.220000,411.5,415.0,8.0,1
8.240000,415.9,415.0,8.1,1
8.260000,413.7,415.0,8.3,1
8.280000,414.1,415.0,8.3,1
8.300000,414.6,415.0,8.2,1
8.320000,414.3,415.0,8.1,1
8.340000,415.3,415.0,8.1,1
8.360000,416.7,415.0,8.4,1
8.380000,411.8,415.0,8.2,1
8.400000,416.6,415.0,8.3,1
8.420000,415.8,415.0,8.3,1
8.440000,415.3,415.0,8.0,1
8.460000,417.3,415.0,8.0,1
8.480000,415.9,415.0,8.1,1
8.500000,415.6,415.0,8.1,1
8.520000,414.2,415.0,8.3,1
8.540000,414.3,415.0,8.4,1
8.560000,416.8,415.0,8.2,1
8.580000,414.9,415.0,8.0,1
8.600000,413.9,415.0,8.1,1
8.620000,414.6,415.0,8.5,1
8.640000,414.6,415.0,8.2,1
8.660000,415.6,415.0,8.2,1
8.680000,414.7,415.0,8.1,1
8.700000,415.2,415.0,8.3,1
8.720000,414.3,415.0,8.2,1
8.740000,414.4,415.0,8.0,1
8.760000,414.6,415.0,8.4,1
8.780000,416.5,415.0,8.3,1
8.800000,415.8,415.0,8.2,1
8.820000,415.4,415.0,8.4,1
8.840000,415.5,415.0,8.2,1
8.860000,412.6,415.0,8.4,1
8.880000,413.3,415.0,8.2,1
8.900000,415.4,415.0,8.1,1
8.920000,413.8,415.0,8.2,1
8.940000,414.8,415.0,8.2,1
8.960000,415.4,415.0,8.3,1
8.980000,412.4,415.0,8.3,1
9.000000,414.0,415.0,8.4,1
9.020000,416.2,415.0,8.3,1
9.040000,415.3,415.0,7.9,1
9.060000,415.4,415.0,8.4,1
9.080000,413.5,415.0,8.4,1
9.100000,415.0,415.0,8.1,1
9.120000,413.4,415.0,8.2,1
9.140000,417.2,415.0,8.1,1
9.160000,414.7,415.0,8.2,1
9.180000,414.4,415.0,8.3,1
9.200000,416.0,415.0,8.3,1
9.220000,413.9,415.0,8.2,1
9.240000,416.1,415.0,7.9,1
9.260000,414.1,415.0,8.3,1
9.280000,414.7,415.0,8.4,1
9.300000,417.6,415.0,8.3,1
9.320000,415.9,415.0,8.3,1
9.340000,413.8,415.0,8.1,1
9.360000,414.5,415.0,8.0,1
9.380000,412.1,415.0,8.5,1
9.400000,416.0,415.0,8.3,1
9.420000,415.0,415.0,8.2,1
9.440000,414.7,415.0,8.2,1
9.460000,416.6,415.0,8.1,1
9.480000,414.3,415.0,8.3,1
9.500000,418.7,415.0,8.4,1
9.520000,413.6,415.0,8.3,1
9.540000,413.8,415.0,8.3,1
9.560000,414.8,415.0,8.1,1
9.580000,413.1,415.0,8.0,1
9.600000,415.1,415.0,8.4,1
9.620000,415.9,415.0,8.3,1
9.640000,414.7,415.0,8.2,1
9.660000,412.9,415.0,8.2,1
9.680000,413.1,415.0,8.3,1
9.700000,415.9,415.0,8.2,1
9.720000,414.9,415.0,8.4,1
9.740000,416.3,415.0,8.2,1
9.760000,415.3,415.0,8.4,1
9.780000,414.1,415.0,8.0,1
9.800000,415.9,415.0,8.4,1
9.820000,414.6,415.0,8.3,1
9.840000,414.2,415.0,8.0,1
9.860000,415.8,415.0,8.2,1
9.880000,414.0,415.0,8.0,1
9.900000,414.7,415.0,8.3,1
9.920000,413.2,415.0,8.4,1
9.940000,416.0,415.0,8.2,1
9.960000,415.9,415.0,8.4,1
9.980000,414.8,415.0,8.2,1
10.000000,418.4,415.0,8.3,1
10.020000,414.3,415.0,8.0,1
10.040000,413.9,415.0,8.0,1
10.060000,414.1,415.0,8.3,1
10.080000,414.2,415.0,8.0,1
10.100000,415.3,415.0,8.3,1
10.120000,414.1,415.0,8.2,1
10.140000,416.3,415.0,8.0,1
10.160000,415.1,415.0,8.4,1
10.180000,415.2,415.0,8.5,1
10.200000,416.7,415.0,8.5,1
10.220000,413.8,415.0,8.2,1
10.240000,415.6,415.0,7.9,1
10.260000,413.5,415.0,8.5,1
10.280000,415.1,415.0,8.2,1
10.300000,414.8,415.0,8.1,1
10.320000,413.7,415.0,8.3,1
10.340000,414.6,415.0,8.2,1
10.360000,415.5,415.0,8.2,1
10.380000,414.0,415.0,8.5,1
10.400000,416.2,415.0,8.1,1
10.420000,414.4,415.0,8.4,1
10.440000,415.6,415.0,8.2,1
10.460000,414.2,415.0,8.3,1
10.480000,415.2,415.0,8.1,1
10.500000,414.0,415.0,8.3,1
10.520000,414.5,415.0,8.2,1
10.540000,416.1,415.0,8.4,1
10.560000,414.0,415.0,8.2,1
10.580000,413.3,415.0,8.0,1
10.600000,414.0,415.0,8.2,1
10.620000,414.2,415.0,8.7,1
10.640000,414.9,415.0,8.2,1
10.660000,415.6,415.0,8.2,1
10.680000,417.6,415.0,8.3,1
10.700000,415.0,415.0,8.3,1
10.720000,414.3,415.0,8.8,1
10.740000,416.9,415.0,8.0,1
10.760000,414.3,415.0,8.0,1
10.780000,414.4,415.0,8.4,1
10.800000,414.5,415.0,8.3,1
10.820000,414.0,415.0,8.3,1
10.840000,413.8,415.0,8.1,1
10.860000,414.3,415.0,8.7,1
10.880000,416.4,415.0,8.0,1
10.900000,418.0,415.0,7.9,1
10.920000,412.8,415.0,8.4,1
10.940000,414.5,415.0,8.2,1
10.960000,416.1,415.0,8.4,1
10.980000,416.4,415.0,8.2,1
11.000000,416.3,415.0,8.2,1
11.020000,413.9,415.0,8.4,1
11.040000,413.7,415.0,7.9,1
11.060000,417.1,415.0,8.5,1
11.080000,414.3,415.0,8.4,1
11.100000,414.7,415.0,8.0,1
11.120000,415.7,415.0,8.3,1
11.140000,415.6,415.0,8.2,1
11.160000,414.7,415.0,8.6,1
11.180000,414.3,415.0,8.1,1
11.200000,415.7,415.0,8.3,1
11.220000,414.4,415.0,8.5,1
11.240000,416.1,415.0,8.1,1
11.260000,413.1,415.0,8.4,1
11.280000,414.2,415.0,8.1,1
11.300000,413.4,415.0,8.4,1
11.320000,412.8,415.0,8.3,1
11.340000,416.3,415.0,8.1,1
11.360000,414.5,415.0,8.3,1
11.380000,413.7,415.0,8.5,1
11.400000,418.1,415.0,8.1,1
11.420000,412.8,415.0,8.2,1
11.440000,415.2,415.0,8.2,1
11.460000,415.2,415.0,8.4,1
11.480000,413.9,415.0,8.3,1
11.500000,415.2,415.0,8.1,1
11.520000,414.2,415.0,8.5,1
11.540000,415.4,415.0,8.2,1
11.560000,415.4,415.0,8.2,1
11.580000,414.7,415.0,8.2,1
11.600000,416.7,415.0,8.1,1
11.620000,417.2,415.0,8.7,1
11.640000,415.5,415.0,8.1,1
11.660000,415.4,415.0,8.3,1
11.680000,413.2,415.0,7.9,1
11.700000,414.4,415.0,8.5,1
11.720000,415.7,415.0,8.3,1
11.740000,415.1,415.0,8.2,1
11.760000,415.7,415.0,8.2,1
11.780000,414.2,415.0,8.1,1
11.800000,417.8,415.0,8.4,1
11.820000,415.2,415.0,8.2,1
11.840000,416.9,415.0,8.3,1
11.860000,415.9,415.0,8.3,1
11.880000,412.6,415.0,8.2,1
11.900000,415.9,415.0,8.1,1
11.920000,413.9,415.0,8.4,1
11.940000,414.3,415.0,8.0,1
11.960000,413.4,415.0,8.3,1
11.980000,416.0,415.0,8.3,1
12.000000,415.8,415.0,8.2,1
12.020000,413.8,415.0,8.4,1
12.040000,412.5,415.0,8.1,1
12.060000,416.2,415.0,8.4,1
12.080000,414.8,415.0,8.4,1
12.100000,417.2,415.0,8.1,1
12.120000,413.3,415.0,8.3,1
12.140000,413.6,415.0,8.3,1
12.160000,415.7,415.0,8.5,1
12.180000,416.0,415.0,8.2,1
12.200000,416.4,415.0,7.9,1
12.220000,415.0,415.0,8.4,1
12.240000,415.0,415.0,8.2,1
12.260000,415.8,415.0,8.8,1
12.280000,414.6,415.0,8.2,1
12.300000,416.8,415.0,8.3,1
12.320000,416.6,415.0,8.0,1
12.340000,413.6,415.0,8.2,1
12.360000,414.7,415.0,8.5,1
12.380000,415.1,415.0,8.5,1
12.400000,415.3,415.0,8.6,1
12.420000,414.8,415.0,8.1,1
12.440000,414.9,415.0,8.0,1
12.460000,416.9,415.0,8.4,1
12.480000,413.9,415.0,8.5,1
12.500000,415.6,415.0,8.2,1
12.520000,415.7,415.0,8.5,1
12.540000,415.5,415.0,8.1,1
12.560000,413.6,415.0,8.6,1
12.580000,415.1,415.0,8.2,1
12.600000,414.7,415.0,8.3,1
12.620000,414.1,415.0,8.3,1
12.640000,415.6,415.0,7.8,1
12.660000,416.2,415.0,8.4,1
12.680000,414.9,415.0,8.3,1
12.700000,414.7,415.0,8.3,1
12.720000,413.7,415.0,8.2,1
12.740000,415.1,415.0,8.2,1
12.760000,415.2,415.0,8.4,1
12.780000,415.2,415.0,8.3,1
12.800000,416.2,415.0,8.1,1
12.820000,414.9,415.0,8.3,1
12.840000,415.7,415.0,8.0,1
12.860000,414.5,415.0,8.1,1
12.880000,414.1,415.0,8.3,1
12.900000,415.5,415.0,8.3,1
12.920000,414.2,415.0,8.6,1
12.940000,415.4,415.0,8.1,1
12.960000,415.2,415.0,8.2,1
12.980000,414.3,415.0,8.3,1
13.000000,414.1,415.0,8.2,1
13.020000,412.7,415.0,8.2,1
13.040000,415.1,415.0,8.4,1
13.060000,416.8,415.0,8.2,1
13.080000,414.8,415.0,8.1,1
13.100000,416.7,415.0,8.3,1
13.120000,414.1,415.0,8.2,1
13.140000,415.1,415.0,8.0,1
13.160000,413.4,415.0,8.4,1
13.180000,415.2,415.0,8.3,1
13.200000,416.4,415.0,8.1,1
13.220000,416.0,415.0,8.2,1
13.240000,414.2,415.0,8.2,1
13.260000,414.2,415.0,8.4,1
13.280000,416.5,415.0,8.1,1
13.300000,414.8,415.0,8.2,1
13.320000,416.0,415.0,8.3,1
13.340000,413.7,415.0,8.2,1
13.360000,415.9,415.0,8.5,1
13.380000,414.1,415.0,8.1,1
13.400000,415.4,415.0,8.3,1
13.420000,414.7,415.0,8.4,1
13.440000,416.3,415.0,8.2,1
13.460000,414.2,415.0,8.4,1
13.480000,416.1,415.0,8.3,1
13.500000,414.1,415.0,8.1,1
13.520000,411.8,415.0,8.4,1
13.540000,415.1,415.0,8.2,1
13.560000,415.1,415.0,8.1,1
13.580000,412.4,415.0,8.1,1
13.600000,413.2,415.0,8.3,1
13.620000,416.4,415.0,8.4,1
13.640000,414.8,415.0,8.1,1
13.660000,415.5,415.0,8.4,1
13.680000,415.2,415.0,8.4,1
13.700000,414.9,415.0,8.1,1
13.720000,417.0,415.0,8.1,1
13.740000,414.7,415.0,8.2,1
13.760000,413.1,415.0,8.6,1
13.780000,416.7,415.0,8.2,1
13.800000,416.6,415.0,8.0,1
13.820000,415.9,415.0,8.0,1
13.840000,415.2,415.0,8.4,1
13.860000,417.5,415.0,8.6,1
13.880000,415.7,415.0,8.3,1
13.900000,415.4,415.0,8.2,1
13.920000,414.1,415.0,8.2,1
13.940000,412.7,415.0,8.0,1
13.960000,416.8,415.0,8.5,1
13.980000,417.3,415.0,8.4,1
14.000000,414.9,415.0,7.9,1
14.020000,414.2,415.0,8.4,1
14.040000,416.9,415.0,8.5,1
14.060000,416.1,415.0,8.2,1
14.080000,416.3,415.0,8.2,1
14.100000,415.4,415.0,8.1,1
14.120000,414.3,415.0,8.6,1
14.140000,414.8,415.0,7.9,1
14.160000,416.7,415.0,8.2,1
14.180000,414.0,415.0,8.5,1
14.200000,416.4,415.0,8.3,1
14.220000,413.5,415.0,8.2,1
14.240000,414.9,415.0,8.1,1
14.260000,415.5,415.0,8.4,1
14.280000,414.4,415.0,8.3,1
14.300000,414.4,415.0,8.2,1
14.320000,414.8,415.0,8.2,1
14.340000,413.7,415.0,8.2,1
14.360000,416.1,415.0,8.4,1
14.380000,413.3,415.0,8.2,1
14.400000,415.5,415.0,8.6,1
14.420000,415.8,415.0,8.0,1
14.440000,415.0,415.0,8.1,1
14.460000,416.1,415.0,8.4,1
14.480000,414.8,415.0,8.2,1
14.500000,415.1,415.0,8.3,1
14.520000,415.2,415.0,8.4,1
14.540000,415.1,415.0,8.4,1
14.560000,416.7,415.0,8.3,1
14.580000,412.4,415.0,8.0,1
14.600000,413.8,415.0,8.6,1
14.620000,416.2,415.0,8.6,1
14.640000,416.1,415.0,7.8,1
14.660000,415.2,415.0,8.0,1
14.680000,414.2,415.0,8.5,1
14.700000,414.6,415.0,8.2,1
14.720000,416.3,415.0,8.5,1
14.740000,414.2,415.0,8.3,1
14.760000,415.2,415.0,8.4,1
14.780000,413.0,415.0,8.1,1
14.800000,414.9,415.0,8.1,1
14.820000,414.5,415.0,8.5,1
14.840000,413.5,415.0,8.4,1
14.860000,415.0,415.0,8.6,1
14.880000,414.5,415.0,7.9,1
14.900000,417.5,415.0,8.0,1
14.920000,411.4,415.0,8.5,1
14.940000,413.7,415.0,8.5,1
14.960000,415.8,415.0,8.3,1
14.980000,413.0,415.0,8.0,1
15.000000,416.8,415.0,8.4,1
15.020000,414.5,415.0,8.3,1
15.040000,414.1,415.0,8.2,1
15.060000,417.2,415.0,8.3,1
15.080000,414.9,415.0,8.3,1
15.100000,413.4,415.0,8.2,1
15.120000,414.7,415.0,8.3,1
15.140000,415.4,415.0,7.9,1
15.160000,414.3,415.0,8.6,1
15.180000,414.4,415.0,8.3,1
15.200000,413.8,415.0,8.2,1
15.220000,414.5,415.0,8.3,1
15.240000,415.8,415.0,8.2,1
15.260000,416.8,415.0,8.4,1
15.280000,414.6,415.0,8.3,1
15.300000,414.2,415.0,8.2,1
15.320000,415.6,415.0,8.3,1
15.340000,412.0,415.0,8.3,1
15.360000,414.2,415.0,8.5,1
15.380000,417.5,415.0,8.2,1
15.400000,416.8,415.0,8.0,1
15.420000,413.3,415.0,8.3,1
15.440000,413.6,415.0,8.5,1
15.460000,414.8,415.0,8.2,1
15.480000,415.7,415.0,8.3,1
15.500000,416.2,415.0,8.4,1
15.520000,414.7,415.0,8.5,1
15.540000,415.2,415.0,8.2,1
15.560000,415.2,415.0,8.3,1
15.580000,413.8,415.0,8.2,1
15.600000,415.4,415.0,8.4,1
15.620000,414.9,415.0,8.3,1
15.640000,417.2,415.0,8.2,1
15.660000,413.9,415.0,8.3,1
15.680000,414.0,415.0,8.5,1
15.700000,415.6,415.0,8.3,1
15.720000,417.7,415.0,8.3,1
15.740000,414.4,415.0,7.9,1
15.760000,413.1,415.0,8.4,1
15.780000,413.8,415.0,8.4,1
15.800000,416.7,415.0,8.4,1
15.820000,412.9,415.0,8.2,1
15.840000,416.4,415.0,8.0,1
15.860000,415.8,415.0,8.1,1
15.880000,413.1,415.0,8.5,1
15.900000,415.2,415.0,8.1,1
15.920000,413.3,415.0,8.3,1
15.940000,413.2,415.0,8.1,1
15.960000,413.5,415.0,8.4,1
15.980000,414.6,415.0,8.2,1
16.000000,417.8,415.0,8.1,1
16.020000,413.0,415.0,8.3,1
16.040000,415.3,415.0,8.2,1
16.060000,413.9,415.0,8.3,1
16.080000,416.6,415.0,8.2,1
16.100000,413.2,415.0,8.1,1
16.120000,412.8,415.0,8.1,1
16.140000,415.2,415.0,8.2,1
16.160000,416.6,415.0,8.4,1
16.180000,415.2,415.0,8.1,1
16.200000,415.5,415.0,8.0,1
16.220000,415.4,415.0,8.2,1
16.240000,414.6,415.0,8.3,1
16.260000,415.6,415.0,8.3,1
16.280000,412.7,415.0,8.4,1
16.300000,416.1,415.0,8.2,1
16.320000,415.2,415.0,8.3,1
16.340000,415.9,415.0,7.9,1
16.360000,412.5,415.0,8.2,1
16.380000,413.9,415.0,8.1,1
16.400000,416.4,415.0,8.3,1
16.420000,416.6,415.0,8.1,1
16.440000,414.8,415.0,8.0,1
16.460000,417.0,415.0,8.3,1
16.480000,414.3,415.0,8.3,1
16.500000,416.9,415.0,8.4,1
16.520000,414.7,415.0,8.3,1
16.540000,414.9,415.0,7.9,1
16.560000,414.9,415.0,8.3,1
16.580000,415.7,415.0,8.2,1
16.600000,416.5,415.0,8.2,1
16.620000,414.4,415.0,8.3,1
16.640000,414.4,415.0,8.3,1
16.660000,414.5,415.0,8.1,1
16.680000,412.4,415.0,8.2,1
16.700000,416.0,415.0,8.2,1
16.720000,415.9,415.0,8.4,1
16.740000,416.7,415.0,8.1,1
16.760000,415.1,415.0,8.3,1
16.780000,414.7,415.0,8.2,1
16.800000,412.9,415.0,8.3,1
16.820000,416.1,415.0,8.4,1
16.840000,415.2,415.0,8.1,1
16.860000,412.9,415.0,8.5,1
16.880000,414.5,415.0,8.3,1
16.900000,418.0,415.0,7.9,1
16.920000,412.9,415.0,8.3,1
16.940000,415.0,415.0,8.4,1
16.960000,416.6,415.0,8.3,1
16.980000,415.0,415.0,8.2,1
17.000000,414.9,415.0,8.2,1
17.020000,414.0,415.0,8.1,1
17.040000,416.8,415.0,7.9,1
17.060000,414.6,415.0,8.3,1
17.080000,415.6,415.0,8.4,1
17.100000,414.6,415.0,8.3,1
17.120000,413.4,415.0,8.4,1
17.140000,414.3,415.0,7.9,1
17.160000,414.1,415.0,8.1,1
17.180000,413.7,415.0,8.3,1
17.200000,415.2,415.0,8.0,1
17.220000,413.9,415.0,8.2,1
17.240000,415.5,415.0,8.3,1
17.260000,417.6,415.0,8.3,1
17.280000,414.6,415.0,8.3,1
17.300000,415.6,415.0,8.2,1
17.320000,417.0,415.0,8.3,1
17.340000,413.0,415.0,7.9,1
17.360000,414.5,415.0,8.5,1
17.380000,415.1,415.0,8.1,1
17.400000,413.0,415.0,8.3,1
17.420000,414.3,415.0,8.7,1
17.440000,415.7,415.0,8.0,1
17.460000,413.8,415.0,8.1,1
17.480000,414.1,415.0,8.1,1
17.500000,417.4,415.0,8.2,1
17.520000,415.4,415.0,8.4,1
17.540000,413.7,415.0,8.2,1
17.560000,414.0,415.0,8.4,1
17.580000,416.4,415.0,8.0,1
17.600000,414.2,415.0,8.2,1
17.620000,415.7,415.0,8.1,1
17.640000,414.4,415.0,8.2,1
17.660000,416.2,415.0,8.8,1
17.680000,415.2,415.0,8.1,1
17.700000,415.7,415.0,8.0,1
17.720000,415.5,415.0,8.4,1
17.740000,413.7,415.0,8.2,1
17.760000,415.7,415.0,8.2,1
17.780000,416.5,415.0,8.0,1
17.800000,415.8,415.0,8.1,1
17.820000,414.0,415.0,8.5,1
17.840000,415.5,415.0,8.2,1
17.860000,417.8,415.0,8.3,1
17.880000,413.8,415.0,8.0,1
17.900000,416.9,415.0,8.1,1
17.920000,417.6,415.0,8.2,1
17.940000,413.4,415.0,8.1,1
17.960000,416.2,415.0,8.2,1
17.980000,413.7,415.0,8.0,1
18.000000,418.2,415.0,8.1,1
18.020000,411.7,415.0,8.3,1
18.040000,415.9,415.0,8.3,1
18.060000,416.3,415.0,8.4,1
18.080000,415.0,415.0,8.2,1
18.100000,416.0,415.0,8.2,1
18.120000,415.8,415.0,8.3,1
18.140000,415.5,415.0,8.0,1
18.160000,415.7,415.0,8.4,1
18.180000,417.4,415.0,8.2,1
18.200000,414.2,415.0,8.2,1
18.220000,412.9,415.0,8.5,1
18.240000,414.6,415.0,8.2,1
18.260000,413.3,415.0,8.2,1
18.280000,413.8,415.0,7.9,1
18.300000,414.3,415.0,8.3,1
18.320000,415.8,415.0,8.4,1
18.340000,416.6,415.0,8.1,1
18.360000,414.9,415.0,8.1,1
18.380000,413.7,415.0,8.1,1
18.400000,414.9,415.0,8.3,1
18.420000,414.9,415.0,8.2,1
18.440000,413.9,415.0,8.1,1
18.460000,414.4,415.0,8.6,1
18.480000,414.3,415.0,8.3,1
18.500000,415.7,415.0,8.2,1
18.520000,413.8,415.0,8.1,1
18.540000,415.1,415.0,8.3,1
18.560000,414.2,415.0,8.5,1
18.580000,414.0,415.0,8.2,1
18.600000,417.5,415.0,8.0,1
18.620000,416.0,415.0,8.2,1
18.640000,415.6,415.0,8.1,1
18.660000,415.6,415.0,8.5,1
18.680000,414.3,415.0,8.1,1
18.700000,413.1,415.0,7.9,1
18.720000,415.0,415.0,8.4,1
18.740000,415.7,415.0,7.9,1
18.760000,414.6,415.0,8.3,1
18.780000,412.9,415.0,8.4,1
18.800000,414.8,415.0,8.1,1
18.820000,414.4,415.0,8.1,1
18.840000,415.7,415.0,8.2,1
18.860000,415.0,415.0,8.3,1
18.880000,414.6,415.0,8.1,1
18.900000,414.5,415.0,8.1,1
18.920000,416.4,415.0,8.0,1
18.940000,415.2,415.0,7.9,1
18.960000,414.2,415.0,8.4,1
18.980000,414.8,415.0,8.2,1
19.000000,415.5,415.0,7.8,1
19.020000,415.2,415.0,8.3,1
19.040000,415.3,415.0,8.3,1
19.060000,416.7,415.0,8.5,1
19.080000,414.3,415.0,8.0,1
19.100000,415.7,415.0,8.0,1
19.120000,415.2,415.0,8.2,1
19.140000,414.4,415.0,8.2,1
19.160000,414.4,415.0,8.5,1
19.180000,416.9,415.0,8.1,1
19.200000,415.7,415.0,8.2,1
19.220000,414.4,415.0,8.2,1
19.240000,414.4,415.0,8.2,1
19.260000,416.0,415.0,8.0,1
19.280000,414.8,415.0,7.9,1
19.300000,415.4,415.0,8.3,1
19.320000,414.8,415.0,8.3,1
19.340000,415.1,415.0,8.1,1
19.360000,416.4,415.0,8.4,1
19.380000,414.9,415.0,8.1,1
19.400000,415.6,415.0,8.3,1
19.420000,415.7,415.0,8.4,1
19.440000,415.8,415.0,7.8,1
19.460000,413.1,415.0,8.3,1
19.480000,412.8,415.0,8.4,1
19.500000,415.5,415.0,8.2,1
19.520000,415.7,415.0,8.2,1
19.540000,414.9,415.0,8.1,1
19.560000,415.3,415.0,8.1,1
19.580000,415.6,415.0,8.0,1
19.600000,415.4,415.0,8.4,1
19.620000,415.9,415.0,8.1,1
19.640000,412.4,415.0,8.1,1
19.660000,416.0,415.0,8.3,1
19.680000,414.2,415.0,8.0,1
19.700000,415.2,415.0,8.2,1
19.720000,416.0,415.0,8.2,1
19.740000,412.9,415.0,8.1,1
19.760000,415.1,415.0,8.5,1
19.780000,417.8,415.0,8.2,1
19.799999,412.3,415.0,8.2,1
19.819999,416.6,415.0,8.2,1
19.839999,417.5,415.0,7.8,1
19.859999,413.4,415.0,8.2,1
19.879999,411.6,415.0,8.4,1
19.899999,413.7,415.0,8.3,1
19.919999,414.6,415.0,8.3,1
19.939999,416.4,415.0,7.8,1
19.959999,413.6,415.0,8.1,1
19.979999,414.6,415.0,8.3,1
19.999999,416.0,415.0,8.1,1
20.019999,415.1,415.0,8.0,1
20.039999,414.6,415.0,7.9,1
20.059999,417.1,415.0,8.6,1
20.079999,416.4,415.0,8.1,1
20.099999,417.3,415.0,7.9,1
20.119999,416.9,415.0,8.0,1
20.139999,414.7,415.0,8.4,1
20.159999,413.8,415.0,8.3,1
20.179999,414.9,415.0,7.9,1
20.199999,414.5,415.0,8.1,1
20.219999,414.3,415.0,8.2,1
20.239999,416.0,415.0,8.0,1
20.259999,414.3,415.0,8.2,1
20.279999,414.8,415.0,8.4,1
20.299999,413.3,415.0,7.9,1
20.319999,414.0,415.0,8.1,1
20.339999,413.8,415.0,8.3,1
20.359999,416.4,415.0,8.1,1
20.379999,415.9,415.0,8.2,1
20.399999,415.3,415.0,8.0,1
20.419999,412.9,415.0,7.9,1
20.439999,415.3,415.0,8.2,1
20.459999,416.7,415.0,8.4,1
20.479999,414.7,415.0,8.0,1
20.499999,415.2,415.0,8.1,1
20.519999,415.3,415.0,8.2,1
20.539999,416.2,415.0,7.9,1
20.559999,414.1,415.0,8.3,1
20.579999,414.9,415.0,8.3,1
20.599999,418.2,415.0,8.2,1
20.619999,413.6,415.0,8.0,1
20.639999,414.6,415.0,7.9,1
20.659999,414.7,415.0,8.3,1
20.679999,413.7,415.0,8.5,1
20.699999,417.5,415.0,8.2,1
20.719999,414.8,415.0,8.1,1
20.739999,414.3,415.0,7.9,1
20.759999,411.7,415.0,8.2,1
20.779999,415.8,415.0,8.4,1
20.799999,416.0,415.0,8.0,1
20.819999,414.3,415.0,8.3,1
20.839999,415.7,415.0,8.0,1
20.859999,416.2,415.0,8.2,1
20.879999,413.7,415.0,8.0,1
20.899999,415.5,415.0,8.3,1
20.919999,412.9,415.0,8.1,1
20.939999,414.1,415.0,7.9,1
20.959999,415.6,415.0,8.2,1
20.979999,413.1,415.0,8.3,1
20.999999,414.6,415.0,8.1,1
21.019999,415.2,415.0,8.1,1
21.039999,416.9,415.0,8.1,1
21.059999,416.1,415.0,8.2,1
21.079999,414.6,415.0,8.0,1
21.099999,415.7,415.0,8.3,1
21.119999,415.9,415.0,8.1,1
21.139999,414.9,415.0,8.0,1
21.159999,417.0,415.0,7.9,1
21.179999,413.1,415.0,8.0,1
21.199999,413.7,415.0,8.4,1
21.219999,417.1,415.0,8.3,1
21.239999,414.7,415.0,7.9,1
21.259999,415.2,415.0,8.1,1
21.279999,415.2,415.0,8.2,1
21.299999,415.5,415.0,8.1,1
21.319999,415.3,415.0,8.1,1
21.339999,415.6,415.0,8.0,1
21.359999,416.7,415.0,8.2,1
21.379999,415.4,415.0,8.0,1
21.399999,415.0,415.0,8.2,1
21.419999,414.5,415.0,8.2,1
21.439999,416.3,415.0,8.0,1
21.459999,414.9,415.0,8.1,1
21.479999,414.1,415.0,8.0,1
21.499999,417.4,415.0,8.0,1
21.519999,415.3,415.0,8.1,1
21.539999,414.1,415.0,8.0,1
21.559999,414.3,415.0,8.2,1
21.579999,413.9,415.0,8.3,1
21.599999,412.8,415.0,8.0,1
21.619999,416.6,415.0,8.2,1
21.639999,415.3,415.0,7.6,1
21.659999,414.5,415.0,8.1,1
21.679999,413.7,415.0,8.3,1
21.699999,417.6,415.0,8.2,1
21.719999,414.0,415.0,8.1,1
21.739999,415.8,415.0,8.0,1
21.759999,415.0,415.0,8.0,1
21.779999,413.6,415.0,8.0,1
21.799999,415.4,415.0,8.2,1
21.819999,414.0,415.0,8.1,1
21.839999,414.5,415.0,8.0,1
21.859999,414.8,415.0,8.3,1
21.879999,414.5,415.0,8.0,1
21.899999,415.8,415.0,7.9,1
21.919999,414.0,415.0,8.3,1
21.939999,413.3,415.0,8.0,1
21.959999,414.9,415.0,8.4,1
21.979999,414.1,415.0,8.0,1
21.999999,414.8,415.0,8.0,1
22.019999,414.1,415.0,8.4,1
22.039999,414.6,415.0,8.2,1
22.059999,416.4,415.0,7.9,1
22.079999,414.9,415.0,8.0,1
22.099999,414.9,415.0,8.0,1
22.119999,414.5,415.0,8.2,1
22.139999,414.9,415.0,8.2,1
22.159999,416.0,415.0,8.1,1
22.179999,413.7,415.0,7.9,1
22.199999,416.4,415.0,8.3,1
22.219999,416.5,415.0,8.5,1
22.239999,415.3,415.0,7.8,1
22.259999,413.9,415.0,8.0,1
22.279999,412.1,415.0,8.1,1
22.299999,418.6,415.0,8.1,1
22.319999,416.7,415.0,7.9,1
22.339999,416.2,415.0,7.9,1
22.359999,413.6,415.0,8.2,1
22.379999,415.2,415.0,8.0,1
22.399999,415.1,415.0,8.0,1
22.419999,415.3,415.0,8.3,1
22.439999,414.6,415.0,7.8,1
22.459999,413.7,415.0,8.1,1
22.479999,413.9,415.0,8.0,1
22.499999,415.6,415.0,8.1,1
22.519999,415.6,415.0,8.2,1
22.539999,413.3,415.0,7.9,1
22.559999,414.7,415.0,8.2,1
22.579999,413.9,415.0,8.1,1
22.599999,417.0,415.0,8.0,1
22.619999,413.1,415.0,8.1,1
22.639999,417.0,415.0,8.2,1
22.659999,415.1,415.0,8.2,1
22.679999,415.4,415.0,7.7,1
22.699999,414.5,415.0,8.1,1
22.719999,415.6,415.0,8.0,1
22.739999,418.0,415.0,7.7,1
22.759999,415.9,415.0,8.2,1
22.779999,413.3,415.0,8.3,1
22.799999,415.3,415.0,8.0,1
22.819999,413.7,415.0,8.0,1
22.839999,415.5,415.0,8.0,1
22.859999,415.4,415.0,8.0,1
22.879999,414.1,415.0,8.0,1
22.899999,415.5,415.0,8.3,1
22.919999,416.4,415.0,7.9,1
22.939999,414.7,415.0,7.6,1
22.959999,415.7,415.0,8.4,1
22.979999,414.9,415.0,8.5,1
22.999999,417.0,415.0,7.9,1
23.019999,415.5,415.0,7.9,1
23.039999,415.1,415.0,7.9,1
23.059999,414.1,415.0,8.1,1
23.079999,413.7,415.0,8.3,1
23.099999,415.0,415.0,8.0,1
23.119999,412.7,415.0,8.2,1
23.139999,414.9,415.0,7.9,1
23.159999,413.1,415.0,8.2,1
23.179999,416.8,415.0,7.9,1
23.199999,415.4,415.0,8.0,1
23.219999,414.8,415.0,8.2,1
23.239999,415.9,415.0,8.0,1
23.259999,414.8,415.0,8.1,1
23.279999,413.9,415.0,8.2,1
23.299999,416.3,415.0,8.1,1
23.319999,414.5,415.0,7.9,1
23.339999,413.2,415.0,8.0,1
23.359999,415.1,415.0,8.3,1
23.379999,414.0,415.0,8.2,1
23.399999,417.6,415.0,7.8,1
23.419999,415.8,415.0,8.0,1
23.439999,415.3,415.0,8.2,1
23.459999,414.8,415.0,8.2,1
23.479999,414.3,415.0,7.7,1
23.499999,414.6,415.0,7.7,1
23.519999,414.2,415.0,8.3,1
23.539999,414.8,415.0,8.4,1
23.559999,416.5,415.0,8.1,1
23.579999,413.9,415.0,7.8,1
23.599999,415.9,415.0,7.9,1
23.619999,413.4,415.0,8.5,1
23.639999,416.2,415.0,8.1,1
23.659999,414.7,415.0,8.1,1
23.679999,415.0,415.0,8.1,1
23.699999,414.6,415.0,8.1,1
23.719999,413.7,415.0,8.0,1
23.739999,415.7,415.0,7.9,1
23.759999,416.6,415.0,8.3,1
23.779999,414.4,415.0,7.9,1
23.799999,416.1,415.0,7.8,1
23.819999,413.0,415.0,8.3,1
23.839999,417.3,415.0,8.2,1
23.859999,415.3,415.0,8.1,1
23.879999,412.2,415.0,7.9,1
23.899999,413.9,415.0,8.1,1
23.919999,415.1,415.0,8.0,1
23.939999,414.0,415.0,8.1,1
23.959999,413.5,415.0,8.2,1
23.979999,414.3,415.0,8.1,1
23.999999,414.0,415.0,7.9,1
24.019999,414.4,415.0,8.2,1
24.039999,414.6,415.0,8.1,1
24.059999,416.1,415.0,8.1,1
24.079999,412.9,415.0,7.7,1
24.099999,416.4,415.0,8.1,1
24.119999,415.9,415.0,8.4,1
24.139999,416.3,415.0,7.9,1
24.159999,417.1,415.0,8.0,1
24.179999,412.8,415.0,8.0,1
24.199999,415.3,415.0,8.2,1
24.219999,415.4,415.0,8.1,1
24.239999,416.2,415.0,7.9,1
24.259999,416.0,415.0,8.1,1
24.279999,415.2,415.0,7.9,1
24.299999,415.5,415.0,8.1,1
24.319999,414.0,415.0,8.3,1
24.339999,416.5,415.0,8.0,1
24.359999,414.6,415.0,7.9,1
24.379999,414.6,415.0,7.9,1
24.399999,416.3,415.0,8.2,1
24.419999,414.8,415.0,8.1,1
24.439999,415.0,415.0,8.2,1
24.459999,415.8,415.0,8.0,1
24.479999,411.9,415.0,8.1,1
24.499999,415.6,415.0,8.2,1
24.519999,414.4,415.0,8.0,1
24.539999,416.7,415.0,7.8,1
24.559999,414.8,415.0,8.3,1
24.579999,414.8,415.0,7.8,1
24.599999,414.9,415.0,8.2,1
24.619999,414.8,415.0,8.1,1
24.639999,414.6,415.0,7.8,1
24.659999,414.4,415.0,8.0,1
24.679999,415.7,415.0,8.1,1
24.699999,416.3,415.0,8.1,1
24.719999,414.9,415.0,8.1,1
24.739999,415.9,415.0,7.9,1
24.759999,415.2,415.0,8.2,1
24.779999,415.7,415.0,8.1,1
24.799999,416.3,415.0,8.0,1
24.819999,413.9,415.0,8.1,1
24.839999,414.4,415.0,7.9,1
24.859999,416.6,415.0,8.0,1
24.879999,415.7,415.0,7.8,1
24.899999,414.7,415.0,8.4,1
24.919999,414.3,415.0,8.1,1
24.939999,417.8,415.0,7.8,1
24.959999,416.1,415.0,8.1,1
24.979999,414.2,415.0,8.2,1
24.999999,414.3,415.0,8.2,1
25.019999,415.8,415.0,8.0,1
25.039999,415.0,415.0,7.9,1
25.059999,415.6,415.0,8.0,1
25.079999,413.8,415.0,8.1,1
25.099999,415.7,415.0,8.0,1
25.119999,413.7,415.0,8.1,1
25.139999,416.9,415.0,7.9,1
25.159999,414.1,415.0,8.1,1
25.179999,415.6,415.0,8.1,1
25.199999,416.8,415.0,8.0,1
25.219999,413.0,415.0,8.0,1
25.239999,414.2,415.0,8.0,1
25.259999,415.3,415.0,8.1,1
25.279999,414.5,415.0,8.0,1
25.299999,414.9,415.0,7.8,1
25.319999,416.3,415.0,8.2,1
25.339999,415.3,415.0,8.1,1
25.359999,414.2,415.0,8.0,1
25.379999,415.1,415.0,7.9,1
25.399999,415.5,415.0,8.0,1
25.419999,412.9,415.0,8.1,1
25.439999,416.6,415.0,7.9,1
25.459999,416.0,415.0,8.4,1
25.479999,414.5,415.0,8.1,1
25.499999,415.8,415.0,7.9,1
25.519999,413.3,415.0,7.9,1
25.539999,413.8,415.0,8.2,1
25.559999,416.7,415.0,8.2,1
25.579999,412.8,415.0,8.0,1
25.599999,415.3,415.0,8.1,1
25.619999,416.4,415.0,8.0,1
25.639999,416.7,415.0,8.1,1
25.659999,416.0,415.0,8.2,1
25.679999,415.6,415.0,8.4,1
25.699999,416.0,415.0,8.1,1
25.719999,413.8,415.0,8.0,1
25.739999,416.8,415.0,7.9,1
25.759999,413.8,415.0,7.8,1
25.779999,415.6,415.0,8.0,1
25.799999,414.9,415.0,8.4,1
25.819999,415.5,415.0,8.4,1
25.839999,414.2,415.0,8.0,1
25.859999,415.4,415.0,7.8,1
25.879999,415.6,415.0,7.8,1
25.899999,415.6,415.0,8.2,1
25.919999,414.9,415.0,8.0,1
25.939999,415.6,415.0,8.0,1
25.959999,416.5,415.0,8.4,1
25.979999,413.8,415.0,8.0,1
25.999999,415.6,415.0,8.1,1
26.019999,416.9,415.0,8.1,1
26.039999,413.1,415.0,7.6,1
26.059999,413.7,415.0,8.2,1
26.079999,416.0,415.0,8.3,1
26.099999,417.4,415.0,8.1,1
26.119999,414.3,415.0,8.1,1
26.139999,415.9,415.0,7.9,1
26.159999,416.2,415.0,8.1,1
26.179999,413.9,415.0,8.1,1
26.199999,415.4,415.0,8.1,1
26.219999,412.5,415.0,7.9,1
26.239999,415.3,415.0,8.0,1
26.259999,415.6,415.0,8.2,1
26.279999,415.3,415.0,7.9,1
26.299999,415.6,415.0,8.0,1
26.319999,413.5,415.0,8.0,1
26.339999,416.8,415.0,8.0,1
26.359999,416.2,415.0,8.2,1
26.379999,416.4,415.0,7.8,1
26.399999,418.2,415.0,7.7,1
26.419999,414.5,415.0,8.1,1
26.439999,413.8,415.0,8.2,1
26.459999,414.7,415.0,8.1,1
26.479999,414.5,415.0,7.8,1
26.499999,414.3,415.0,8.0,1
26.519999,413.2,415.0,8.1,1
26.539999,414.5,415.0,8.2,1
26.559999,414.5,415.0,8.0,1
26.579999,414.7,415.0,8.1,1
26.599999,416.3,415.0,7.8,1
26.619999,412.5,415.0,8.1,1
26.639999,414.7,415.0,8.0,1
26.659999,413.5,415.0,8.3,1
26.679999,415.6,415.0,8.1,1
26.699999,414.7,415.0,7.8,1
26.719999,413.7,415.0,8.1,1
26.739999,414.1,415.0,7.8,1
26.759999,414.6,415.0,8.1,1
26.779999,414.4,415.0,7.7,1
26.799999,417.1,415.0,7.9,1
26.819999,414.4,415.0,8.2,1
26.839999,415.9,415.0,8.0,1
26.859999,416.4,415.0,8.1,1
26.879999,414.8,415.0,8.2,1
26.899999,414.9,415.0,8.3,1
26.919999,415.8,415.0,8.0,1
26.939999,415.7,415.0,7.7,1
26.959999,414.9,415.0,8.1,1
26.979999,413.7,415.0,8.1,1
26.999999,416.4,415.0,8.0,1
27.019999,416.1,415.0,8.3,1
27.039999,413.3,415.0,8.0,1
27.059999,415.8,415.0,8.1,1
27.079999,413.7,415.0,8.2,1
27.099999,416.2,415.0,8.1,1
27.119999,413.2,415.0,7.9,1
27.139999,416.5,415.0,7.9,1
27.159999,414.7,415.0,8.2,1
27.179999,414.1,415.0,8.0,1
27.199999,415.2,415.0,8.1,1
27.219999,412.2,415.0,8.0,1
27.239999,413.6,415.0,7.9,1
27.259999,412.5,415.0,8.2,1
27.279999,415.1,415.0,7.8,1
27.299999,414.7,415.0,8.1,1
27.319999,417.1,415.0,8.1,1
27.339999,417.1,415.0,7.8,1
27.359999,417.2,415.0,8.2,1
27.379999,414.6,415.0,8.0,1
27.399999,415.2,415.0,8.1,1
27.419999,415.3,415.0,8.0,1
27.439999,415.0,415.0,7.8,1
27.459999,415.0,415.0,8.1,1
27.479999,413.6,415.0,8.0,1
27.499999,415.4,415.0,7.8,1
27.519999,415.0,415.0,8.1,1
27.539999,416.3,415.0,8.1,1
27.559999,415.8,415.0,8.1,1
27.579999,415.4,415.0,7.8,1
27.599999,412.8,415.0,8.2,1
27.619999,413.0,415.0,8.0,1
27.639999,416.9,415.0,8.1,1
27.659999,415.7,415.0,8.2,1
27.679999,416.3,415.0,7.8,1
27.699999,414.2,415.0,8.0,1
27.719999,415.7,415.0,8.1,1
27.739999,415.5,415.0,7.8,1
27.759999,413.3,415.0,8.3,1
27.779999,413.5,415.0,7.9,1
27.799999,416.3,415.0,8.0,1
27.819999,415.4,415.0,8.0,1
27.839999,414.9,415.0,7.8,1
27.859999,414.4,415.0,8.3,1
27.879999,415.0,415.0,8.2,1
27.899999,416.1,415.0,7.7,1
27.919999,410.1,415.0,8.1,1
27.939999,417.1,415.0,8.0,1
27.959999,415.5,415.0,8.1,1
27.979999,412.9,415.0,8.0,1
27.999999,416.7,415.0,7.9,1
28.019999,415.9,415.0,8.2,1
28.039999,415.2,415.0,7.8,1
28.059999,413.0,415.0,7.9,1
28.079999,415.6,415.0,8.2,1
28.099999,416.4,415.0,8.2,1
28.119999,414.8,415.0,7.8,1
28.139999,413.7,415.0,7.7,1
28.159999,414.3,415.0,8.3,1
28.179999,415.7,415.0,7.9,1
28.199999,417.4,415.0,7.9,1
28.219999,415.8,415.0,8.2,1
28.239999,416.4,415.0,7.6,1
28.259999,415.7,415.0,8.2,1
28.279999,414.3,415.0,8.3,1
28.299999,415.3,415.0,8.0,1
28.319999,412.3,415.0,8.0,1
28.339999,414.5,415.0,7.9,1
28.359999,413.3,415.0,8.0,1
28.379999,414.5,415.0,7.9,1
28.399999,415.2,415.0,8.3,1
28.419999,417.8,415.0,8.0,1
28.439999,416.1,415.0,7.8,1
28.459999,413.8,415.0,7.9,1
28.479999,413.9,415.0,8.1,1
28.499999,415.5,415.0,8.2,1
28.519999,415.3,415.0,8.0,1
28.539999,413.6,415.0,8.1,1
28.559999,416.4,415.0,8.2,1
28.579999,414.1,415.0,8.0,1
28.599999,413.1,415.0,7.9,1
28.619999,413.8,415.0,8.0,1
28.639999,416.2,415.0,8.1,1
28.659999,416.7,415.0,8.1,1
28.679999,413.5,415.0,7.9,1
28.699999,415.2,415.0,8.1,1
28.719999,416.6,415.0,8.0,1
28.739999,414.0,415.0,8.1,1
28.759999,415.9,415.0,8.0,1
28.779999,413.6,415.0,8.2,1
28.799999,416.8,415.0,8.0,1
28.819999,415.1,415.0,8.1,1
28.839999,413.4,415.0,7.5,1
28.859999,416.1,415.0,8.0,1
28.879999,415.1,415.0,8.2,1
28.899999,415.6,415.0,8.2,1
28.919999,414.7,415.0,8.1,1
28.939999,415.1,415.0,7.8,1
28.959999,414.1,415.0,8.2,1
28.979999,416.4,415.0,7.8,1
28.999999,416.7,415.0,8.1,1
29.019999,416.2,415.0,7.9,1
29.039999,414.2,415.0,7.8,1
29.059999,414.3,415.0,8.1,1
29.079999,412.0,415.0,7.9,1
29.099999,413.2,415.0,8.2,1
29.119999,414.4,415.0,8.1,1
29.139999,413.1,415.0,7.9,1
29.159999,414.0,415.0,8.0,1
29.179999,415.6,415.0,8.1,1
29.199999,415.8,415.0,8.2,1
29.219999,414.5,415.0,7.9,1
29.239999,413.8,415.0,8.0,1
29.259999,415.3,415.0,8.4,1
29.279999,415.2,415.0,7.9,1
29.299999,417.4,415.0,8.0,1
29.319999,416.1,415.0,8.0,1
29.339999,416.0,415.0,8.0,1
29.359999,415.9,415.0,8.1,1
29.379999,414.5,415.0,8.0,1
29.399999,416.6,415.0,8.0,1
29.419999,413.9,415.0,8.0,1
29.439999,416.2,415.0,7.9,1
29.459999,414.7,415.0,7.9,1
29.479999,415.3,415.0,8.0,1
29.499999,414.4,415.0,8.1,1
29.519999,415.2,415.0,8.2,1
29.539999,414.3,415.0,7.8,1
29.559999,418.0,415.0,8.1,1
29.579999,413.8,415.0,8.0,1
29.599999,416.6,415.0,8.3,1
29.619999,412.7,415.0,8.1,1
29.639999,415.2,415.0,7.8,1
29.659999,412.3,415.0,8.1,1
29.679999,414.4,415.0,8.0,1
29.699999,414.3,415.0,7.8,1
29.719999,415.1,415.0,8.3,1
29.739999,415.3,415.0,8.0,1
29.759999,417.0,415.0,8.1,1
29.779999,416.3,415.0,8.1,1
29.799999,417.7,415.0,7.9,1
29.819999,415.1,415.0,7.8,1
29.839999,415.7,415.0,8.0,1
29.859999,416.4,415.0,8.2,1
29.879999,414.5,415.0,8.1,1
29.899999,414.7,415.0,8.1,1
29.919999,414.4,415.0,8.1,1
29.939999,414.3,415.0,7.6,1
29.959999,414.2,415.0,8.1,1
29.979999,416.2,415.0,8.1,1
29.999999,415.6,415.0,8.0,1
30.019999,414.3,415.0,8.0,1
30.039999,414.6,415.0,7.7,1
30.059999,413.7,415.0,8.4,1
30.079999,416.5,415.0,8.3,1
30.099999,416.2,415.0,7.8,1
30.119999,415.2,415.0,7.7,1
30.139999,412.5,415.0,8.0,1
30.159999,415.4,415.0,8.3,1
30.179999,416.3,415.0,7.9,1
30.199999,415.9,415.0,8.0,1
30.219999,413.9,415.0,8.2,1
30.239999,417.1,415.0,8.2,1
30.259999,415.5,415.0,7.9,1
30.279999,414.5,415.0,8.1,1
30.299999,415.4,415.0,8.0,1
30.319999,411.9,415.0,8.4,1
30.339999,417.6,415.0,8.2,1
30.359999,413.2,415.0,7.9,1
30.379999,412.5,415.0,8.0,1
30.399999,416.3,415.0,8.3,1
30.419999,415.2,415.0,8.3,1
30.439999,413.5,415.0,7.9,1
30.459999,413.9,415.0,7.9,1
30.479999,415.8,415.0,8.1,1
30.499999,416.3,415.0,8.2,1
30.519999,411.9,415.0,8.2,1
30.539999,416.6,415.0,8.0,1
30.559999,415.3,415.0,8.0,1
30.579999,413.0,415.0,7.8,1
30.599999,413.3,415.0,8.1,1
30.619999,415.4,415.0,8.3,1
30.639999,415.9,415.0,7.7,1
30.659999,415.7,415.0,7.9,1
30.679999,415.0,415.0,8.3,1
30.699999,415.0,415.0,8.3,1
30.719999,413.1,415.0,7.9,1
30.739999,412.6,415.0,7.9,1
30.759999,415.3,415.0,8.3,1
30.779999,415.4,415.0,7.9,1
30.799999,413.4,415.0,8.2,1
30.819999,415.0,415.0,8.3,1
30.839999,414.9,415.0,8.0,1
30.859999,414.7,415.0,8.0,1
30.879999,415.1,415.0,7.9,1
30.899999,413.1,415.0,8.3,1
30.919999,414.4,415.0,8.0,1
30.939999,415.2,415.0,7.9,1
30.959999,414.8,415.0,7.8,1
30.979999,414.7,415.0,8.2,1
30.999999,414.4,415.0,8.2,1
31.019999,412.5,415.0,8.1,1
31.039999,413.8,415.0,7.8,1
31.059999,414.7,415.0,8.3,1
31.079999,414.3,415.0,8.2,1
31.099999,413.5,415.0,7.7,1
31.119999,413.8,415.0,8.1,1
31.139999,414.3,415.0,8.3,1
31.159999,415.5,415.0,8.3,1
31.179999,416.1,415.0,7.9,1
31.199999,413.2,415.0,8.0,1
31.219999,413.6,415.0,7.9,1
31.239999,416.6,415.0,8.1,1
31.259999,416.2,415.0,8.2,1
31.279999,415.2,415.0,8.0,1
31.299999,415.3,415.0,7.8,1
31.319999,412.7,415.0,8.0,1
31.339999,414.9,415.0,8.3,1
31.359999,414.9,415.0,8.3,1
31.379999,415.2,415.0,7.7,1
31.399999,415.5,415.0,7.9,1
31.419999,414.3,415.0,8.1,1
31.439999,415.1,415.0,7.8,1
31.459999,413.7,415.0,8.2,1
31.479999,412.4,415.0,8.1,1
31.499999,417.4,415.0,8.0,1
31.519999,416.6,415.0,7.7,1
31.539999,414.9,415.0,8.0,1
31.559999,415.0,415.0,8.5,1
31.579999,414.4,415.0,7.8,1
31.599999,414.9,415.0,7.9,1
31.619999,413.7,415.0,8.2,1
31.639999,413.1,415.0,8.0,1
31.659999,415.5,415.0,8.1,1
31.679999,413.2,415.0,8.2,1
31.699999,414.7,415.0,7.9,1
31.719999,415.1,415.0,8.0,1
31.739999,416.1,415.0,7.7,1
31.759999,415.3,415.0,8.3,1
31.779999,414.3,415.0,8.1,1
31.799999,417.5,415.0,8.3,1
31.819999,414.9,415.0,8.1,1
31.839999,414.0,415.0,7.7,1
31.859999,416.1,415.0,7.9,1
31.879999,414.8,415.0,8.1,1
31.899999,416.5,415.0,8.0,1
31.919999,417.1,415.0,7.8,1
31.939999,413.0,415.0,8.1,1
31.959999,417.0,415.0,8.5,1
31.979999,415.0,415.0,7.9,1
31.999999,415.3,415.0,7.7,1
32.019999,415.1,415.0,8.3,1
32.039999,417.4,415.0,8.0,1
32.059999,413.4,415.0,8.2,1
32.079999,414.7,415.0,7.9,1
32.099999,417.6,415.0,8.0,1
32.119999,416.1,415.0,8.1,1
32.139999,414.9,415.0,7.8,1
32.159999,417.5,415.0,8.1,1
32.179999,415.6,415.0,7.9,1
32.199999,414.0,415.0,8.3,1
32.219999,415.4,415.0,8.1,1
32.239999,415.3,415.0,7.8,1
32.259999,414.3,415.0,8.1,1
32.279999,412.5,415.0,8.2,1
32.299999,414.9,415.0,8.3,1
32.319999,416.5,415.0,8.1,1
32.339999,414.9,415.0,7.8,1
32.359999,414.4,415.0,8.0,1
32.379999,414.7,415.0,8.1,1
32.399999,416.1,415.0,7.9,1
32.419999,413.0,415.0,8.2,1
32.439999,414.5,415.0,8.0,1
32.459999,417.2,415.0,8.1,1
32.479999,415.5,415.0,7.7,1
32.499999,416.4,415.0,8.2,1
32.519999,416.4,415.0,8.2,1
32.539999,415.8,415.0,7.8,1
32.559999,414.4,415.0,8.2,1
32.579999,413.7,415.0,8.1,1
32.599999,417.7,415.0,8.0,1
32.619999,415.8,415.0,8.0,1
32.639999,415.1,415.0,7.9,1
32.659999,417.0,415.0,8.1,1
32.679999,415.8,415.0,8.0,1
32.699999,414.5,415.0,8.4,1
32.719999,414.2,415.0,8.2,1
32.739999,415.0,415.0,7.7,1
32.759999,413.9,415.0,8.2,1
32.779999,413.4,415.0,8.1,1
32.799999,415.6,415.0,7.9,1
32.819999,416.5,415.0,7.9,1
32.839999,415.2,415.0,8.0,1
32.859999,416.1,415.0,8.1,1
32.879999,414.9,415.0,7.8,1
32.899999,416.0,415.0,8.0,1
32.919999,413.7,415.0,8.4,1
32.939999,415.7,415.0,7.9,1
32.959999,414.1,415.0,7.7,1
32.979999,414.7,415.0,8.1,1
32.999999,413.8,415.0,8.4,1
33.019999,415.7,415.0,8.2,1
33.039999,415.5,415.0,7.9,1
33.059999,415.1,415.0,8.0,1
33.079999,415.5,415.0,8.1,1
33.099999,416.5,415.0,7.9,1
33.119999,414.4,415.0,8.1,1
33.139999,416.4,415.0,7.8,1
33.159999,412.8,415.0,8.4,1
33.179999,413.4,415.0,8.2,1
33.199999,418.4,415.0,8.1,1
33.219999,414.6,415.0,7.9,1
33.239999,414.7,415.0,8.1,1
33.259999,413.2,415.0,8.4,1
33.279999,415.6,415.0,8.1,1
33.299999,415.2,415.0,8.1,1
33.319999,413.8,415.0,8.0,1
33.339999,415.6,415.0,8.2,1
33.359999,417.5,415.0,8.1,1
33.379999,415.0,415.0,7.9,1
33.399999,413.9,415.0,8.0,1
33.419999,414.1,415.0,8.4,1
33.439999,415.0,415.0,8.0,1
33.459999,415.9,415.0,8.4,1
33.479999,414.6,415.0,7.9,1
33.499999,416.0,415.0,7.9,1
33.519999,416.1,415.0,8.1,1
33.539999,417.5,415.0,8.0,1
33.559999,412.9,415.0,8.0,1
33.579999,414.4,415.0,8.0,1
33.599999,414.3,415.0,8.4,1
33.619999,415.3,415.0,8.1,1
33.639999,416.1,415.0,7.9,1
33.659999,414.4,415.0,7.9,1
33.679999,413.7,415.0,8.3,1
33.699999,418.2,415.0,8.0,1
33.719999,415.5,415.0,8.2,1
33.739999,415.3,415.0,7.8,1
33.759999,416.9,415.0,8.0,1
33.779999,413.4,415.0,8.0,1
33.799999,415.0,415.0,8.0,1
33.819999,414.7,415.0,8.1,1
33.839999,413.6,415.0,7.6,1
33.859999,414.6,415.0,8.1,1
33.879999,415.8,415.0,7.8,1
33.899999,415.9,415.0,7.8,1
33.919999,415.5,415.0,8.1,1
33.939999,416.6,415.0,8.1,1
33.959999,414.4,415.0,8.0,1
33.979999,416.8,415.0,8.0,1
33.999999,416.2,415.0,8.3,1
34.019999,415.2,415.0,8.2,1
34.039999,414.8,415.0,7.7,1
34.059999,415.1,415.0,7.9,1
34.079999,414.1,415.0,8.2,1
34.099999,415.0,415.0,7.9,1
34.119999,414.9,415.0,8.1,1
34.139999,415.4,415.0,8.0,1
34.159999,413.9,415.0,8.1,1
34.179999,413.2,415.0,7.7,1
34.199999,415.0,415.0,8.0,1
34.219999,414.0,415.0,8.4,1
34.239999,416.0,415.0,7.9,1
34.259999,415.5,415.0,7.9,1
34.279999,416.8,415.0,7.8,1
34.299999,416.0,415.0,7.9,1
34.319999,415.6,415.0,8.1,1
34.339999,415.4,415.0,7.8,1
34.359999,414.9,415.0,8.3,1
34.379999,414.6,415.0,8.0,1
34.399999,415.4,415.0,8.1,1
34.419999,416.1,415.0,8.1,1
34.439999,414.3,415.0,7.8,1
34.459999,416.3,415.0,8.2,1
34.479999,414.0,415.0,8.1,1
34.499999,414.3,415.0,8.1,1
34.519999,415.9,415.0,8.0,1
34.539999,414.1,415.0,7.7,1
34.559999,414.4,415.0,8.2,1
34.579999,412.8,415.0,8.1,1
34.599999,416.0,415.0,7.9,1
34.619999,414.2,415.0,8.0,1
34.639999,414.9,415.0,7.9,1
34.659999,413.0,415.0,8.2,1
34.679999,415.2,415.0,8.1,1
34.699999,413.6,415.0,8.1,1
34.719999,414.2,415.0,7.9,1
34.739999,415.6,415.0,7.9,1
34.759999,411.2,415.0,8.0,1
34.779999,414.2,415.0,8.2,1
34.799999,415.0,415.0,7.9,1
34.819999,414.3,415.0,7.8,1
34.839999,416.5,415.0,7.5,1
34.859999,414.6,415.0,7.9,1
34.879999,415.7,415.0,7.9,1
34.899999,416.4,415.0,7.7,1
34.919999,412.7,415.0,8.0,1
34.939999,414.6,415.0,7.8,1
34.959999,416.4,415.0,8.0,1
34.979999,414.1,415.0,7.9,1
34.999999,415.6,415.0,8.0,1
35.019999,413.9,415.0,8.0,1
35.039999,415.3,415.0,7.8,1
35.059999,415.6,415.0,8.5,1
35.079999,413.9,415.0,8.0,1
35.099999,414.6,415.0,7.8,1
35.119999,417.3,415.0,8.1,1
35.139999,414.7,415.0,8.0,1
35.159999,414.6,415.0,8.0,1
35.179999,414.4,415.0,7.8,1
35.199999,414.1,415.0,8.2,1
35.219999,415.5,415.0,8.0,1
35.239999,416.0,415.0,7.9,1
35.259999,416.3,415.0,7.9,1
35.279999,415.0,415.0,8.0,1
35.299999,412.3,415.0,7.9,1
35.319999,416.0,415.0,8.3,1
35.339999,415.0,415.0,7.9,1
35.359999,415.0,415.0,8.1,1
35.379999,413.6,415.0,8.0,1
35.399999,415.1,415.0,8.0,1
35.419999,414.1,415.0,8.1,1
35.439999,414.1,415.0,8.0,1
35.459999,413.7,415.0,8.1,1
35.479999,415.5,415.0,8.0,1
35.499999,414.8,415.0,8.0,1
35.519999,415.4,415.0,7.9,1
35.539999,417.4,415.0,8.0,1
35.559999,413.9,415.0,8.1,1
35.579999,414.0,415.0,7.9,1
35.599999,416.4,415.0,8.0,1
35.619999,415.9,415.0,8.2,1
35.639999,415.7,415.0,7.8,1
35.659999,414.4,415.0,8.1,1
35.679999,413.8,415.0,8.0,1
35.699999,415.2,415.0,7.9,1
35.719999,414.0,415.0,8.2,1
35.739999,413.4,415.0,8.0,1
35.759999,415.8,415.0,7.9,1
35.779999,414.9,415.0,7.8,1
35.799999,412.5,415.0,8.1,1
35.819999,415.5,415.0,8.0,1
35.839999,414.8,415.0,8.0,1
35.859999,415.5,415.0,7.9,1
35.879999,414.5,415.0,7.9,1
35.899999,414.6,415.0,8.3,1
35.919999,416.1,415.0,8.2,1
35.939999,415.7,415.0,7.7,1
35.959999,416.1,415.0,8.0,1
35.979999,415.2,415.0,8.1,1
35.999999,414.2,415.0,8.0,1
36.019999,414.7,415.0,8.2,1
36.039999,415.4,415.0,8.1,1
36.059999,415.9,415.0,8.2,1
36.079999,414.2,415.0,7.8,1
36.099999,418.2,415.0,8.0,1
36.119999,414.7,415.0,8.0,1
36.139999,414.8,415.0,8.0,1
36.159999,416.1,415.0,8.2,1
36.179999,414.3,415.0,8.0,1
36.199999,416.3,415.0,7.9,1
36.219999,414.4,415.0,7.9,1
36.239999,413.0,415.0,8.0,1
36.259999,417.6,415.0,8.4,1
36.279999,415.8,415.0,7.9,1
36.299999,413.7,415.0,7.9,1
36.319999,414.3,415.0,7.9,1
36.339999,415.5,415.0,8.0,1
36.359999,416.1,415.0,8.1,1
36.379999,418.2,415.0,8.0,1
36.399999,416.4,415.0,7.8,1
36.419999,415.2,415.0,7.9,1
36.439999,414.6,415.0,8.1,1
36.459999,415.2,415.0,8.2,1
36.479999,413.8,415.0,7.8,1
36.499999,415.5,415.0,7.7,1
36.519999,415.4,415.0,8.1,1
36.539999,414.0,415.0,8.3,1
36.559999,414.3,415.0,8.0,1
36.579999,412.7,415.0,7.8,1
36.599999,415.1,415.0,8.2,1
36.619999,415.2,415.0,8.1,1
36.639999,416.5,415.0,7.7,1
36.659999,415.6,415.0,7.9,1
36.679999,412.6,415.0,8.1,1
36.699999,417.8,415.0,8.0,1
36.719999,413.8,415.0,8.0,1
36.739999,413.8,415.0,8.0,1
36.759999,414.4,415.0,8.1,1
36.779999,415.9,415.0,7.7,1
36.799999,416.5,415.0,8.0,1
36.819999,414.8,415.0,8.3,1
36.839999,415.8,415.0,8.1,1
36.859999,414.3,415.0,8.0,1
36.879999,414.4,415.0,7.8,1
36.899999,415.7,415.0,8.1,1
36.919999,411.7,415.0,8.2,1
36.939999,416.7,415.0,8.0,1
36.959999,415.1,415.0,7.9,1
36.979999,417.5,415.0,8.1,1
36.999999,414.0,415.0,7.9,1
37.019999,416.1,415.0,8.1,1
37.039999,417.0,415.0,7.9,1
37.059999,413.7,415.0,8.0,1
37.079999,415.6,415.0,8.1,1
37.099999,415.4,415.0,7.6,1
37.119999,414.1,415.0,8.1,1
37.139999,414.4,415.0,7.9,1
37.159999,414.0,415.0,8.3,1
37.179999,414.6,415.0,8.1,1
37.199999,413.5,415.0,7.9,1
37.219999,414.4,415.0,8.2,1
37.239999,418.3,415.0,7.9,1
37.259999,415.6,415.0,8.1,1
37.279999,413.4,415.0,8.0,1
37.299999,417.1,415.0,8.0,1
37.319999,413.3,415.0,8.1,1
37.339999,415.6,415.0,8.0,1
37.359999,415.0,415.0,8.0,1
37.379999,414.5,415.0,8.0,1
37.399999,414.8,415.0,8.1,1
37.419999,415.2,415.0,8.0,1
37.439999,415.4,415.0,7.9,1
37.459999,414.4,415.0,8.2,1
37.479999,412.3,415.0,7.9,1
37.499999,416.0,415.0,7.9,1
37.519999,412.7,415.0,8.2,1
37.539999,415.0,415.0,8.1,1
37.559999,415.2,415.0,7.9,1
37.579999,412.9,415.0,7.8,1
37.599999,414.6,415.0,8.1,1
37.619999,411.7,415.0,8.0,1
37.639999,414.7,415.0,7.7,1
37.659999,415.5,415.0,8.1,1
37.679999,415.1,415.0,7.8,1
37.699999,415.4,415.0,8.0,1
37.719999,414.3,415.0,8.3,1
37.739999,415.6,415.0,7.9,1
37.759999,413.9,415.0,8.3,1
37.779999,416.9,415.0,8.2,1
37.799999,415.9,415.0,7.7,1
37.819999,412.6,415.0,7.9,1
37.839999,413.5,415.0,8.3,1
37.859999,416.1,415.0,7.9,1
37.879999,415.0,415.0,7.7,1
37.899999,415.4,415.0,8.0,1
37.919999,413.5,415.0,8.1,1
37.939999,416.9,415.0,8.0,1
37.959999,414.9,415.0,8.2,1
37.979999,412.5,415.0,7.9,1
37.999999,412.2,415.0,8.1,1
38.019999,413.2,415.0,7.8,1
38.039999,416.5,415.0,7.8,1
38.059999,415.6,415.0,7.9,1
38.079999,414.8,415.0,7.9,1
38.099999,414.0,415.0,8.4,1
38.119999,416.4,415.0,7.8,1
38.139999,414.9,415.0,7.5,1
38.159999,413.8,415.0,8.3,1
38.179999,416.4,415.0,8.2,1
38.199999,414.6,415.0,8.0,1
38.219999,414.2,415.0,7.9,1
38.239999,415.9,415.0,7.7,1
38.259999,415.2,415.0,8.1,1
38.279999,416.6,415.0,7.9,1
38.299999,415.7,415.0,8.1,1
38.319999,415.5,415.0,8.1,1
38.339999,417.3,415.0,7.6,1
38.359999,414.1,415.0,8.1,1
38.379999,414.4,415.0,8.2,1
38.399999,416.7,415.0,7.7,1
38.419999,414.5,415.0,8.2,1
38.439999,416.5,415.0,8.1,1
38.459999,416.2,415.0,8.3,1
38.479999,415.5,415.0,7.7,1
38.499999,412.3,415.0,7.8,1
38.519999,415.2,415.0,8.1,1
38.539999,413.4,415.0,8.0,1
38.559999,412.8,415.0,8.1,1
38.579999,414.4,415.0,7.9,1
38.599999,414.6,415.0,8.1,1
38.619999,415.4,415.0,8.2,1
38.639999,414.3,415.0,7.8,1
38.659999,413.9,415.0,7.8,1
38.679999,414.4,415.0,7.9,1
38.699999,415.9,415.0,8.1,1
38.719999,415.2,415.0,8.0,1
38.739999,414.9,415.0,8.0,1
38.759999,415.3,415.0,7.8,1
38.779999,414.9,415.0,8.1,1
38.799999,417.1,415.0,8.1,1
38.819999,415.9,415.0,8.0,1
38.839999,413.8,415.0,8.0,1
38.859999,416.4,415.0,8.1,1
38.879999,414.5,415.0,8.0,1
38.899999,415.1,415.0,7.9,1
38.919999,413.2,415.0,8.0,1
38.939999,416.6,415.0,8.2,1
38.959999,414.0,415.0,7.9,1
38.979999,415.2,415.0,7.7,1
38.999999,414.0,415.0,8.3,1
39.019999,416.3,415.0,8.1,1
39.039999,416.1,415.0,7.7,1
39.059999,414.7,415.0,8.1,1
39.079999,416.1,415.0,8.1,1
39.099999,415.9,415.0,8.0,1
39.119999,416.1,415.0,8.1,1
39.139999,412.2,415.0,7.8,1
39.159999,415.8,415.0,7.9,1
39.179999,414.8,415.0,8.2,1
39.199999,416.5,415.0,7.9,1
39.219999,413.0,415.0,7.9,1
39.239999,412.9,415.0,7.9,1
39.259999,415.2,415.0,8.0,1
39.279999,414.2,415.0,7.9,1
39.299999,416.8,415.0,8.0,1
39.319999,413.1,415.0,8.0,1
39.339999,415.1,415.0,8.1,1
39.359999,414.7,415.0,8.1,1
39.379999,414.5,415.0,7.9,1
39.399999,414.7,415.0,7.9,1
39.419999,413.4,415.0,8.0,1
39.439999,414.8,415.0,7.9,1
39.459999,415.3,415.0,8.1,1
39.479999,414.5,415.0,8.2,1
39.499999,416.8,415.0,8.0,1
39.519999,412.3,415.0,7.8,1
39.539999,415.8,415.0,7.8,1
39.559999,415.1,415.0,8.2,1
39.579999,412.8,415.0,8.1,1
39.599999,416.6,415.0,7.9,1
39.619999,413.9,415.0,8.0,1
39.639999,415.7,415.0,7.6,1
39.659999,415.9,415.0,8.0,1
39.679999,415.3,415.0,7.9,1
39.699999,415.6,415.0,8.1,1
39.719999,413.6,415.0,8.0,1
39.739999,417.1,415.0,7.9,1
39.759999,414.3,415.0,7.8,1
39.779999,412.1,415.0,8.0,1
39.799999,415.5,415.0,8.1,1
39.819999,413.7,415.0,8.2,1
39.839999,415.6,415.0,7.8,1
39.859999,415.5,415.0,8.0,1
39.879999,414.5,415.0,7.8,1
39.899999,416.1,415.0,7.8,1
39.919999,413.0,415.0,8.0,1
39.939999,417.5,415.0,8.0,1
39.959999,414.4,415.0,7.9,1
39.979999,415.8,415.0,8.0,1
39.999999,417.7,415.0,7.9,1
40.019999,414.3,415.0,8.0,1
40.039999,415.5,415.0,7.6,1
40.059999,413.1,415.0,8.0,1
40.079999,414.7,415.0,8.1,1
40.099999,412.7,415.0,8.0,1
40.119999,414.4,415.0,7.9,1
40.139999,415.9,415.0,7.8,1
40.159999,416.8,415.0,8.2,1
40.179999,413.4,415.0,7.8,1
40.199999,415.8,415.0,7.9,1
40.219999,413.4,415.0,8.2,1
40.239999,415.2,415.0,8.0,1
40.259999,415.6,415.0,7.8,1
40.279999,413.2,415.0,8.1,1
40.299999,415.5,415.0,7.9,1
40.319999,413.2,415.0,8.2,1
40.339999,414.8,415.0,7.8,1
40.359999,411.4,415.0,8.2,1
40.379999,413.5,415.0,8.1,1
40.399999,416.1,415.0,7.9,1
40.419999,415.1,415.0,7.9,1
40.439999,414.4,415.0,7.9,1
40.459999,414.0,415.0,8.1,1
40.479999,413.8,415.0,7.9,1
40.499999,415.8,415.0,7.8,1
40.519999,417.3,415.0,8.1,1
40.539999,417.1,415.0,7.8,1
40.559999,414.5,415.0,8.1,1
40.579999,413.6,415.0,8.0,1
40.599999,417.2,415.0,8.2,1
40.619999,415.9,415.0,7.9,1
40.639999,414.7,415.0,7.9,1
40.659999,415.7,415.0,8.2,1
40.679999,415.6,415.0,7.9,1
40.699999,413.3,415.0,7.8,1
40.719999,414.4,415.0,8.0,1
40.739999,415.3,415.0,7.9,1
40.759999,415.6,415.0,8.1,1
40.779999,414.9,415.0,7.7,1
40.799999,414.6,415.0,8.0,1
40.819999,412.8,415.0,8.2,1
40.839999,414.3,415.0,7.8,1
40.859999,415.1,415.0,8.0,1
40.879999,414.0,415.0,7.9,1
40.899999,416.8,415.0,8.0,1
40.919999,414.0,415.0,7.9,1
40.939999,413.5,415.0,7.9,1
40.959999,415.0,415.0,7.9,1
40.979999,413.2,415.0,7.9,1
40.999999,414.0,415.0,7.9,1
41.019999,414.6,415.0,7.9,1
41.039999,413.1,415.0,7.8,1
41.059999,414.1,415.0,8.0,1
41.079999,411.6,415.0,8.0,1
41.099999,417.0,415.0,8.0,1
41.119999,415.5,415.0,7.7,1
41.139999,412.9,415.0,7.5,1
41.159999,418.0,415.0,8.1,1
41.179999,415.0,415.0,8.0,1
41.199999,417.9,415.0,7.9,1
41.219999,414.7,415.0,7.8,1
41.239999,416.8,415.0,7.9,1
41.259999,416.8,415.0,8.1,1
41.279999,415.7,415.0,7.7,1
41.299999,415.6,415.0,7.9,1
41.319999,412.4,415.0,7.9,1
41.339999,416.6,415.0,8.0,1
41.359999,415.4,415.0,8.0,1
41.379999,414.4,415.0,7.7,1
41.399999,414.4,415.0,7.7,1
41.419999,415.6,415.0,8.2,1
41.439999,417.5,415.0,7.9,1
41.459999,415.2,415.0,7.8,1
41.479999,413.7,415.0,8.0,1
41.499999,417.0,415.0,8.0,1
41.519999,412.2,415.0,8.1,1
41.539999,413.7,415.0,8.1,1
41.559999,416.2,415.0,7.7,1
41.579999,413.0,415.0,7.8,1
41.599999,413.1,415.0,8.2,1
41.619999,412.5,415.0,8.1,1
41.639999,417.3,415.0,7.6,1
41.659999,412.8,415.0,7.7,1
41.679999,414.5,415.0,8.3,1
41.699999,416.4,415.0,8.0,1
41.719999,413.4,415.0,8.2,1
41.739999,415.9,415.0,7.9,1
41.759999,415.0,415.0,8.0,1
41.779999,414.9,415.0,7.6,1
41.799999,415.9,415.0,7.8,1
41.819999,414.7,415.0,8.3,1
41.839999,415.3,415.0,7.9,1
41.859999,414.7,415.0,8.0,1
41.879999,414.1,415.0,7.6,1
41.899999,414.6,415.0,8.1,1
41.919999,413.6,415.0,8.0,1
41.939999,414.8,415.0,7.8,1
41.959999,414.5,415.0,8.1,1
41.979999,415.0,415.0,7.8,1
41.999999,415.8,415.0,7.6,1
42.019999,416.2,415.0,8.0,1
42.039999,415.2,415.0,8.0,1
42.059999,414.9,415.0,8.1,1
42.079999,414.8,415.0,7.6,1
42.099999,416.0,415.0,8.1,1
42.119999,415.5,415.0,7.9,1
42.139999,416.0,415.0,7.6,1
42.159999,413.8,415.0,8.1,1
42.179999,414.8,415.0,8.0,1
42.199999,414.6,415.0,7.7,1
42.219999,412.7,415.0,7.9,1
42.239999,415.1,415.0,7.8,1
42.259999,414.3,415.0,7.9,1
42.279999,415.3,415.0,7.9,1
42.299999,416.2,415.0,8.1,1
42.319999,415.7,415.0,7.9,1
42.339999,414.7,415.0,7.8,1
42.359999,416.3,415.0,8.0,1
42.379999,414.1,415.0,7.8,1
42.399999,415.9,415.0,7.9,1
42.419999,413.0,415.0,7.9,1
42.439999,414.2,415.0,7.9,1
42.459999,414.2,415.0,8.3,1
42.479999,414.1,415.0,7.8,1
42.499999,415.4,415.0,7.8,1
42.519999,413.1,415.0,7.9,1
42.539999,416.8,415.0,7.5,1
42.559999,416.9,415.0,7.9,1
42.579999,414.5,415.0,7.8,1
42.599999,415.2,415.0,7.9,1
42.619999,413.3,415.0,7.8,1
42.639999,416.3,415.0,7.7,1
42.659999,415.5,415.0,7.8,1
42.679999,414.8,415.0,7.7,1
42.699999,417.4,415.0,8.0,1
42.719999,413.6,415.0,7.9,1
42.739999,414.0,415.0,7.8,1
42.759999,414.5,415.0,7.9,1
42.779999,414.6,415.0,7.8,1
42.799999,415.8,415.0,8.0,1
42.819999,414.3,415.0,7.6,1
42.839999,414.9,415.0,7.7,1
42.859999,415.7,415.0,7.9,1
42.879999,412.0,415.0,7.6,1
42.899999,413.6,415.0,7.9,1
42.919999,415.6,415.0,7.9,1
42.939999,415.8,415.0,7.6,1
42.959999,411.8,415.0,7.9,1
42.979999,415.4,415.0,7.7,1
42.999999,416.6,415.0,7.8,1
43.019999,413.5,415.0,7.8,1
43.039999,413.5,415.0,7.9,1
43.059999,413.0,415.0,8.0,1
43.079999,414.3,415.0,7.5,1
43.099999,416.2,415.0,7.9,1
43.119999,413.9,415.0,8.0,1
43.139999,415.8,415.0,8.0,1
43.159999,415.7,415.0,8.0,1
43.179999,415.2,415.0,7.8,1
43.199999,414.2,415.0,7.6,1
43.219999,414.8,415.0,7.9,1
43.239999,415.3,415.0,8.2,1
43.259999,414.2,415.0,8.0,1
43.279999,414.6,415.0,7.9,1
43.299999,415.2,415.0,8.0,1
43.319999,415.9,415.0,7.7,1
43.339999,414.2,415.0,8.0,1
43.359999,414.2,415.0,8.0,1
43.379999,416.9,415.0,7.8,1
43.399999,418.1,415.0,7.9,1
43.419999,413.5,415.0,7.9,1
43.439999,413.6,415.0,7.8,1
43.459999,414.7,415.0,8.0,1
43.479999,413.9,415.0,8.1,1
43.499999,416.9,415.0,7.8,1
43.519999,414.0,415.0,7.5,1
43.539999,414.7,415.0,7.8,1
43.559999,416.4,415.0,8.2,1
43.579999,413.8,415.0,7.8,1
43.599999,415.0,415.0,7.9,1
43.619999,413.4,415.0,7.6,1
43.639999,413.6,415.0,7.7,1
43.659999,416.1,415.0,7.9,1
43.679999,413.2,415.0,8.0,1
43.699999,418.1,415.0,7.8,1
43.719999,415.2,415.0,7.5,1
43.739999,416.4,415.0,7.5,1
43.759999,414.5,415.0,8.1,1
43.779999,414.8,415.0,7.5,1
43.799999,414.1,415.0,7.7,1
43.819999,417.9,415.0,7.8,1
43.839999,415.0,415.0,7.8,1
43.859999,416.4,415.0,8.1,1
43.879999,413.0,415.0,7.9,1
43.899999,414.0,415.0,7.7,1
43.919999,412.9,415.0,7.8,1
43.939999,417.5,415.0,7.7,1
43.959999,413.9,415.0,7.6,1
43.979999,411.7,415.0,7.9,1
43.999999,415.3,415.0,7.9,1
44.019999,411.2,415.0,7.8,1
44.039999,416.5,415.0,7.8,1
44.059999,416.1,415.0,8.0,1
44.079999,414.5,415.0,7.9,1
44.099999,414.1,415.0,7.8,1
44.119999,414.4,415.0,7.5,1
44.139999,415.9,415.0,7.7,1
44.159999,417.5,415.0,7.8,1
44.179999,415.1,415.0,7.7,1
44.199999,416.7,415.0,7.8,1
44.219999,414.8,415.0,7.6,1
44.239999,412.5,415.0,7.7,1
44.259999,414.4,415.0,8.0,1
44.279999,413.7,415.0,7.7,1
44.299999,416.0,415.0,7.7,1
44.319999,416.9,415.0,8.1,1
44.339999,413.9,415.0,7.7,1
44.359999,415.5,415.0,7.8,1
44.379999,413.7,415.0,7.8,1
44.399999,413.7,415.0,7.8,1
44.419999,414.4,415.0,7.8,1
44.439999,412.4,415.0,7.7,1
44.459999,414.5,415.0,8.0,1
44.479999,413.2,415.0,7.6,1
44.499999,416.0,415.0,7.8,1
44.519999,415.3,415.0,7.9,1
44.539999,414.5,415.0,7.6,1
44.559999,414.6,415.0,7.7,1
44.579999,414.0,415.0,7.8,1
44.599999,415.4,415.0,7.9,1
44.619999,413.7,415.0,7.6,1
44.639999,416.9,415.0,7.7,1
44.659999,413.6,415.0,8.2,1
44.679999,413.0,415.0,7.7,1
44.699999,417.3,415.0,7.6,1
44.719999,414.9,415.0,8.0,1
44.739999,414.5,415.0,8.0,1
44.759999,414.9,415.0,7.8,1
44.779999,414.1,415.0,8.0,1
44.799999,416.3,415.0,7.9,1
44.819999,417.2,415.0,7.6,1
44.839999,415.5,415.0,7.3,1
44.859999,416.2,415.0,7.8,1
44.879999,414.1,415.0,7.6,1
44.899999,414.6,415.0,7.7,1
44.919999,413.7,415.0,8.0,1
44.939999,417.6,415.0,7.9,1
44.959999,414.5,415.0,7.7,1
44.979999,414.0,415.0,7.4,1
44.999999,417.5,415.0,8.0,1
45.019999,415.9,415.0,8.0,1
45.039999,415.6,415.0,7.6,1
45.059999,415.2,415.0,7.6,1
45.079999,416.5,415.0,7.7,1
45.099999,416.7,415.0,7.9,1
45.119999,415.0,415.0,7.8,1
45.139999,416.3,415.0,7.5,1
45.159999,414.2,415.0,7.7,1
45.179999,415.7,415.0,7.9,1
45.199999,412.5,415.0,7.9,1
45.219999,414.4,415.0,8.0,1
45.239999,414.3,415.0,7.7,1
45.259999,417.5,415.0,7.7,1
45.279999,412.6,415.0,7.5,1
45.299999,415.3,415.0,7.7,1
45.319999,413.3,415.0,7.8,1
45.339999,416.3,415.0,7.8,1
45.359999,416.1,415.0,7.8,1
45.379999,415.5,415.0,7.5,1
45.399999,415.8,415.0,7.7,1
45.419999,412.5,415.0,7.7,1
45.439999,416.5,415.0,7.8,1
45.459999,414.9,415.0,7.9,1
45.479999,416.5,415.0,7.9,1
45.499999,418.0,415.0,7.4,1
45.519999,411.9,415.0,7.7,1
45.539999,415.3,415.0,8.0,1
45.559999,415.3,415.0,7.8,1
45.579999,415.6,415.0,7.5,1
45.599999,415.9,415.0,7.8,1
45.619999,411.1,415.0,8.1,1
45.639999,415.8,415.0,7.9,1
45.659999,415.6,415.0,8.0,1
45.679999,414.5,415.0,7.8,1
45.699999,418.1,415.0,7.8,1
45.719999,415.6,415.0,7.8,1
45.739999,414.4,415.0,7.9,1
45.759999,418.3,415.0,8.1,1
45.779999,414.4,415.0,7.5,1
45.799999,415.3,415.0,7.8,1
45.819999,413.5,415.0,7.8,1
45.839999,415.7,415.0,8.0,1
45.859999,415.1,415.0,7.8,1
45.879999,414.7,415.0,7.7,1
45.899999,412.8,415.0,7.8,1
45.919999,415.1,415.0,7.7,1
45.939999,414.8,415.0,7.9,1
45.959999,416.6,415.0,7.9,1
45.979999,416.2,415.0,7.9,1
45.999999,417.6,415.0,7.6,1
46.019999,413.2,415.0,7.8,1
46.039999,416.8,415.0,7.6,1
46.059999,414.8,415.0,7.9,1
46.079999,414.4,415.0,7.5,1
46.099999,416.1,415.0,7.8,1
46.119999,415.8,415.0,7.7,1
46.139999,415.5,415.0,7.8,1
46.159999,417.0,415.0,7.7,1
46.179999,413.4,415.0,7.4,1
46.199999,413.6,415.0,7.8,1
46.219999,417.1,415.0,7.8,1
46.239999,416.0,415.0,7.6,1
46.259999,414.6,415.0,7.8,1
46.279999,416.0,415.0,7.6,1
46.299999,414.7,415.0,7.7,1
46.319999,416.2,415.0,7.7,1
46.339999,415.1,415.0,7.8,1
46.359999,414.8,415.0,8.0,1
46.379999,413.3,415.0,7.8,1
46.399999,414.2,415.0,7.6,1
46.419999,413.1,415.0,7.9,1
46.439999,415.3,415.0,7.7,1
46.459999,414.5,415.0,7.8,1
46.479999,414.2,415.0,7.5,1
46.499999,415.8,415.0,7.7,1
46.519999,414.0,415.0,8.0,1
46.539999,413.0,415.0,7.7,1
46.559999,415.2,415.0,8.0,1
46.579999,413.9,415.0,7.9,1
46.599999,415.9,415.0,7.8,1
46.619999,411.7,415.0,7.7,1
46.639999,414.8,415.0,7.7,1
46.659999,412.9,415.0,8.1,1
46.679999,414.4,415.0,7.7,1
46.699999,413.5,415.0,7.9,1
46.719999,415.6,415.0,8.0,1
46.739999,414.9,415.0,7.7,1
46.759999,416.9,415.0,7.8,1
46.779999,414.2,415.0,7.9,1
46.799999,414.5,415.0,7.7,1
46.819999,414.1,415.0,7.9,1
46.839999,414.7,415.0,7.7,1
46.859999,414.9,415.0,8.0,1
46.879999,413.6,415.0,7.7,1
46.899999,413.4,415.0,7.6,1
46.919999,414.0,415.0,7.9,1
46.939999,414.7,415.0,7.5,1
46.959999,415.8,415.0,7.9,1
46.979999,415.1,415.0,8.1,1
46.999999,418.5,415.0,8.0,1
47.019999,417.2,415.0,7.7,1
47.039999,415.1,415.0,7.7,1
47.059999,414.1,415.0,7.8,1
47.079999,413.8,415.0,8.2,1
47.099999,415.2,415.0,7.9,1
47.119999,412.6,415.0,7.8,1
47.139999,412.3,415.0,7.7,1
47.159999,414.9,415.0,7.9,1
47.179999,413.8,415.0,7.7,1
47.199999,416.1,415.0,8.0,1
47.219999,414.4,415.0,7.9,1
47.239999,415.9,415.0,7.6,1
47.259999,415.8,415.0,7.7,1
47.279999,415.9,415.0,7.9,1
47.299999,417.3,415.0,7.9,1
47.319999,415.2,415.0,8.1,1
47.339999,414.9,415.0,7.8,1
47.359999,416.2,415.0,7.9,1
47.379999,415.4,415.0,7.8,1
47.399999,415.9,415.0,7.9,1
47.419999,416.5,415.0,8.0,1
47.439999,414.7,415.0,7.9,1
47.459999,415.7,415.0,7.9,1
47.479999,415.3,415.0,7.8,1
47.499999,417.3,415.0,7.8,1
47.519999,413.9,415.0,7.8,1
47.539999,414.5,415.0,7.9,1
47.559999,412.6,415.0,8.0,1
47.579999,415.0,415.0,7.7,1
47.599999,414.2,415.0,7.8,1
47.619999,414.5,415.0,7.7,1
47.639999,415.4,415.0,7.8,1
47.659999,415.5,415.0,8.0,1
47.679999,414.4,415.0,7.7,1
47.699999,415.6,415.0,7.8,1
47.719999,413.8,415.0,7.9,1
47.739999,415.2,415.0,7.7,1
47.759999,417.1,415.0,8.0,1
47.779999,413.2,415.0,7.9,1
47.799999,415.8,415.0,7.8,1
47.819999,414.8,415.0,8.0,1
47.839999,416.9,415.0,7.9,1
47.859999,413.9,415.0,7.7,1
47.879999,414.8,415.0,7.6,1
47.899999,415.7,415.0,7.8,1
47.919999,416.0,415.0,8.0,1
47.939999,415.9,415.0,8.1,1
47.959999,415.8,415.0,7.7,1
47.979999,415.6,415.0,7.6,1
47.999999,413.9,415.0,7.9,1
48.019999,414.1,415.0,7.8,1
48.039999,417.8,415.0,7.8,1
48.059999,413.6,415.0,8.0,1
48.079999,414.1,415.0,7.8,1
48.099999,414.9,415.0,8.0,1
48.119999,417.1,415.0,7.8,1
48.139999,414.3,415.0,7.7,1
48.159999,414.8,415.0,7.9,1
48.179999,414.5,415.0,7.9,1
48.199999,412.6,415.0,8.0,1
48.219999,413.9,415.0,8.0,1
48.239999,414.8,415.0,7.7,1
48.259999,413.9,415.0,8.0,1
48.279999,413.7,415.0,7.8,1
48.299999,413.5,415.0,7.7,1
48.319999,413.6,415.0,7.9,1
48.339999,415.9,415.0,7.8,1
48.359999,415.3,415.0,7.9,1
48.379999,415.6,415.0,8.0,1
48.399999,416.5,415.0,7.9,1
48.419999,414.3,415.0,7.9,1
48.439999,416.8,415.0,7.6,1
48.459999,414.3,415.0,7.9,1
48.479999,411.7,415.0,7.7,1
48.499999,415.0,415.0,7.9,1
48.519999,413.3,415.0,8.1,1
48.539999,414.5,415.0,7.6,1
48.559999,414.8,415.0,7.9,1
48.579999,415.1,415.0,7.9,1
48.599999,415.4,415.0,7.8,1
48.619999,413.4,415.0,7.8,1
48.639999,414.4,415.0,7.8,1
48.659999,416.2,415.0,7.9,1
48.679999,414.6,415.0,7.9,1
48.699999,415.5,415.0,8.0,1
48.719999,416.0,415.0,7.8,1
48.739999,411.5,415.0,7.8,1
48.759999,413.5,415.0,8.1,1
48.779999,415.6,415.0,8.0,1
48.799999,413.4,415.0,7.8,1
48.819999,415.2,415.0,7.8,1
48.839999,415.2,415.0,7.9,1
48.859999,415.6,415.0,7.9,1
48.879999,414.0,415.0,8.0,1
48.899999,412.9,415.0,8.0,1
48.919999,414.8,415.0,8.2,1
48.939999,416.6,415.0,7.6,1
48.959999,413.9,415.0,7.6,1
48.979999,412.4,415.0,7.8,1
48.999999,414.8,415.0,8.2,1
49.019999,414.6,415.0,8.1,1
49.039999,415.9,415.0,7.6,1
49.059999,413.3,415.0,7.6,1
49.079999,413.5,415.0,8.0,1
49.099999,413.7,415.0,8.1,1
49.119999,414.8,415.0,8.1,1
49.139999,416.6,415.0,7.9,1
49.159999,414.5,415.0,7.6,1
49.179999,416.0,415.0,7.5,1
49.199999,416.3,415.0,8.1,1
49.219999,416.3,415.0,8.1,1
49.239999,417.1,415.0,7.8,1
49.259999,414.1,415.0,7.8,1
49.279999,415.9,415.0,7.8,1
49.299999,414.4,415.0,8.0,1
49.319999,414.4,415.0,8.0,1
49.339999,416.9,415.0,7.7,1
49.359999,414.4,415.0,7.9,1
49.379999,414.0,415.0,8.0,1
49.399999,415.5,415.0,7.8,1
49.419999,414.0,415.0,7.8,1
49.439999,412.4,415.0,7.8,1
49.459999,417.6,415.0,8.0,1
49.479999,414.6,415.0,7.6,1
49.499999,414.1,415.0,7.7,1
49.519999,413.8,415.0,8.0,1
49.539999,415.7,415.0,7.9,1
49.559999,415.2,415.0,7.9,1
49.579999,414.7,415.0,8.1,1
49.599999,415.9,415.0,7.8,1
49.619999,411.6,415.0,7.9,1
49.639999,414.5,415.0,7.9,1
49.659999,415.1,415.0,7.8,1
49.679999,415.1,415.0,7.9,1
49.699999,413.9,415.0,7.8,1
49.719999,412.5,415.0,7.8,1
49.739999,416.6,415.0,7.8,1
49.759999,417.2,415.0,8.0,1
49.779999,415.9,415.0,7.7,1
49.799999,416.0,415.0,8.0,1
49.819999,413.7,415.0,8.0,1
49.839999,418.1,415.0,7.7,1
49.859999,415.6,415.0,7.8,1
49.879999,413.3,415.0,7.7,1
49.899999,416.3,415.0,8.0,1
49.919999,414.1,415.0,7.8,1
49.939999,413.9,415.0,7.7,1
49.959999,415.8,415.0,8.1,1
49.979999,416.1,415.0,7.8,1
49.999999,416.1,415.0,7.9,1
50.019999,414.9,415.0,8.0,1
50.039999,414.1,415.0,7.8,1
50.059999,414.0,415.0,7.9,1
50.079999,415.2,415.0,7.9,1
50.099999,414.9,415.0,7.9,1
50.119999,416.4,415.0,7.8,1
50.139999,414.1,415.0,8.0,1
50.159999,414.6,415.0,7.9,1
50.179999,415.7,415.0,7.7,1
50.199999,416.9,415.0,7.6,1
50.219999,416.5,415.0,8.3,1
50.239999,414.9,415.0,7.9,1
50.259999,414.8,415.0,7.9,1
50.279999,414.8,415.0,7.6,1
50.299999,414.9,415.0,7.8,1
50.319999,416.1,415.0,7.9,1
50.339999,415.9,415.0,7.7,1
50.359999,413.4,415.0,7.8,1
50.379999,416.4,415.0,8.1,1
50.399999,416.4,415.0,7.9,1
50.419999,413.9,415.0,8.2,1
50.439999,414.1,415.0,7.8,1
50.459999,414.5,415.0,7.8,1
50.479999,416.0,415.0,7.8,1
50.499999,412.3,415.0,8.0,1
50.519999,413.6,415.0,8.0,1
50.539999,414.9,415.0,7.8,1
50.559999,415.2,415.0,7.9,1
50.579999,415.0,415.0,7.7,1
50.599999,415.9,415.0,7.9,1
50.619999,416.8,415.0,7.8,1
50.639999,414.1,415.0,8.1,1
50.659999,416.6,415.0,8.1,1
50.679999,415.9,415.0,7.9,1
50.699999,415.1,415.0,7.7,1
50.719999,412.9,415.0,7.8,1
50.739999,415.8,415.0,7.7,1
50.759999,413.7,415.0,8.0,1
50.779999,415.1,415.0,7.8,1
50.799999,416.7,415.0,8.2,1
50.819999,415.9,415.0,8.0,1
50.839999,415.1,415.0,7.6,1
50.859999,414.4,415.0,8.0,1
50.879999,415.4,415.0,7.9,1
50.899999,416.4,415.0,7.9,1
50.919999,416.3,415.0,7.9,1
50.939999,416.0,415.0,7.6,1
50.959999,413.3,415.0,8.5,1
50.979999,417.6,415.0,8.2,1
50.999999,416.9,415.0,7.9,1
51.019999,412.1,415.0,7.9,1
51.039999,414.6,415.0,7.8,1
51.059999,414.7,415.0,7.9,1
51.079999,413.9,415.0,7.8,1
51.099999,415.3,415.0,8.0,1
51.119999,415.2,415.0,8.0,1
51.139999,413.7,415.0,7.8,1
51.159999,414.6,415.0,8.0,1
51.179999,415.1,415.0,7.8,1
51.199999,413.8,415.0,7.8,1
51.219999,414.2,415.0,8.1,1
51.239999,417.3,415.0,8.0,1
51.259999,415.1,415.0,7.8,1
51.279999,415.7,415.0,7.8,1
51.299999,415.7,415.0,8.0,1
51.319999,414.5,415.0,8.0,1
51.339999,417.0,415.0,7.7,1
51.359999,414.7,415.0,8.3,1
51.379999,413.8,415.0,7.8,1
51.399999,413.5,415.0,7.7,1
51.419999,415.5,415.0,8.0,1
51.439999,413.8,415.0,8.0,1
51.459999,415.2,415.0,8.1,1
51.479999,415.6,415.0,8.0,1
51.499999,415.1,415.0,7.7,1
51.519999,415.1,415.0,8.0,1
51.539999,414.2,415.0,7.9,1
51.559999,413.6,415.0,7.9,1
51.579999,416.8,415.0,8.2,1
51.599999,416.1,415.0,8.0,1
51.619999,415.0,415.0,8.0,1
51.639999,414.9,415.0,7.9,1
51.659999,414.1,415.0,8.0,1
51.679999,415.8,415.0,7.7,1
51.699999,416.0,415.0,8.0,1
51.719999,414.1,415.0,7.9,1
51.739999,413.9,415.0,8.2,1
51.759999,416.5,415.0,8.2,1
51.779999,414.2,415.0,7.9,1
51.799999,413.8,415.0,7.6,1
51.819999,413.7,415.0,7.9,1
51.839999,414.4,415.0,8.2,1
51.859999,413.4,415.0,8.2,1
51.879999,416.1,415.0,7.8,1
51.899999,416.7,415.0,7.7,1
51.919999,415.0,415.0,7.9,1
51.939999,414.3,415.0,8.0,1
51.959999,414.3,415.0,8.1,1
51.979999,413.8,415.0,7.7,1
51.999999,415.0,415.0,7.6,1
52.019999,414.9,415.0,8.3,1
52.039999,416.0,415.0,8.2,1
52.059999,416.4,415.0,8.0,1
52.079999,415.7,415.0,7.5,1
52.099999,413.8,415.0,7.9,1
52.119999,415.9,415.0,8.2,1
52.139999,414.8,415.0,8.2,1
52.159999,414.8,415.0,7.7,1
52.179999,414.1,415.0,7.7,1
52.199999,415.7,415.0,7.9,1
52.219999,410.9,415.0,7.9,1
52.239999,412.7,415.0,8.0,1
52.259999,415.7,415.0,8.1,1
52.279999,414.1,415.0,7.6,1
52.299999,414.3,415.0,7.8,1
52.319999,412.2,415.0,8.1,1
52.339999,416.2,415.0,8.0,1
52.359999,414.4,415.0,8.2,1
52.379999,413.6,415.0,8.0,1
52.399999,413.2,415.0,7.9,1
52.419999,414.3,415.0,7.9,1
52.439999,414.3,415.0,7.7,1
52.459999,417.0,415.0,8.0,1
52.479999,413.9,415.0,7.8,1
52.499999,416.1,415.0,8.0,1
52.519999,413.3,415.0,8.2,1
52.539999,416.3,415.0,7.8,1
52.559999,415.8,415.0,7.9,1
52.579999,413.5,415.0,8.0,1
52.599999,416.7,415.0,8.1,1
52.619999,415.1,415.0,8.0,1
52.639999,413.9,415.0,7.9,1
52.659999,414.2,415.0,7.9,1
52.679999,415.7,415.0,7.9,1
52.699999,415.1,415.0,8.0,1
52.719999,415.5,415.0,7.9,1
52.739999,413.0,415.0,7.8,1
52.759999,412.3,415.0,8.2,1
52.779999,415.1,415.0,8.0,1
52.799999,417.2,415.0,7.8,1
52.819999,413.5,415.0,7.9,1
52.839999,415.0,415.0,8.0,1
52.859999,414.7,415.0,8.2,1
52.879999,413.8,415.0,7.9,1
52.899999,416.4,415.0,8.1,1
52.919999,414.7,415.0,8.0,1
52.939999,415.3,415.0,7.8,1
52.959999,414.7,415.0,8.0,1
52.979999,413.2,415.0,7.7,1
52.999999,415.4,415.0,8.2,1
53.019999,416.8,415.0,7.9,1
53.039999,415.0,415.0,7.8,1
53.059999,415.3,415.0,7.9,1
53.079999,412.9,415.0,7.8,1
53.099999,415.5,415.0,8.2,1
53.119999,413.7,415.0,8.1,1
53.139999,415.2,415.0,7.7,1
53.159999,418.2,415.0,8.0,1
53.179999,414.3,415.0,7.9,1
53.199999,416.8,415.0,8.0,1
53.219999,414.6,415.0,8.1,1
53.239999,415.9,415.0,8.1,1
53.259999,416.0,415.0,7.9,1
53.279999,413.7,415.0,7.9,1
53.299999,416.0,415.0,8.0,1
53.319999,415.5,415.0,8.1,1
53.339999,415.3,415.0,7.8,1
53.359999,414.1,415.0,7.8,1
53.379999,414.7,415.0,7.9,1
53.399999,417.2,415.0,8.2,1
53.419999,414.0,415.0,8.0,1
53.439999,417.5,415.0,7.8,1
53.459999,411.6,415.0,8.2,1
53.479999,416.1,415.0,7.9,1
53.499999,416.5,415.0,8.0,1
53.519999,415.4,415.0,8.1,1
53.539999,414.7,415.0,7.5,1
53.559999,414.5,415.0,8.1,1
53.579999,413.4,415.0,8.3,1
53.599999,415.4,415.0,8.1,1
53.619999,414.3,415.0,7.9,1
53.639999,417.0,415.0,8.0,1
53.659999,415.6,415.0,8.1,1
53.679999,413.1,415.0,8.2,1
53.699999,416.8,415.0,8.0,1
53.719999,415.9,415.0,8.0,1
53.739999,415.6,415.0,7.9,1
53.759999,417.3,415.0,8.0,1
53.779999,413.9,415.0,8.0,1
53.799999,414.1,415.0,8.1,1
53.819999,413.6,415.0,7.8,1
53.839999,414.3,415.0,7.7,1
53.859999,414.6,415.0,8.2,1
53.879999,414.6,415.0,8.1,1
53.899999,416.3,415.0,8.1,1
53.919999,414.3,415.0,8.0,1
53.939999,415.9,415.0,7.5,1
53.959999,417.1,415.0,8.0,1
53.979999,414.3,415.0,8.1,1
53.999999,413.0,415.0,8.1,1
54.019999,416.1,415.0,7.8,1
54.039999,413.0,415.0,7.7,1
54.059999,415.0,415.0,8.3,1
54.079999,415.9,415.0,8.2,1
54.099999,419.4,415.0,7.9,1
54.119999,416.7,415.0,8.0,1
54.139999,415.8,415.0,8.0,1
54.159999,415.8,415.0,8.2,1
54.179999,414.5,415.0,8.0,1
54.199999,414.3,415.0,7.9,1
54.219999,417.2,415.0,7.6,1
54.239999,413.1,415.0,8.2,1
54.259999,417.1,415.0,8.4,1
54.279999,415.5,415.0,7.8,1
54.299999,413.0,415.0,7.8,1
54.319999,414.9,415.0,8.2,1
54.339999,415.1,415.0,8.1,1
54.359999,414.5,415.0,8.3,1
54.379999,415.1,415.0,8.0,1
54.399999,417.0,415.0,7.7,1
54.419999,413.1,415.0,7.8,1
54.439999,415.3,415.0,8.1,1
54.459999,416.1,415.0,8.1,1
54.479999,414.6,415.0,7.8,1
54.499999,414.5,415.0,8.0,1
54.519999,413.0,415.0,8.1,1
54.539999,415.7,415.0,8.2,1
54.559999,415.3,415.0,7.9,1
54.579999,415.3,415.0,7.9,1
54.599999,415.1,415.0,7.8,1
54.619999,413.7,415.0,8.0,1
54.639999,418.4,415.0,8.4,1
54.659999,417.6,415.0,8.0,1
54.679999,416.3,415.0,7.6,1
54.699999,415.5,415.0,8.0,1
54.719999,414.2,415.0,8.3,1
54.739999,416.9,415.0,7.8,1
54.759999,414.2,415.0,8.2,1
54.779999,414.4,415.0,7.9,1
54.799999,414.1,415.0,7.9,1
54.819999,416.3,415.0,8.0,1
54.839999,411.0,415.0,7.9,1
54.859999,416.2,415.0,8.3,1
54.879999,414.2,415.0,7.8,1
54.899999,414.2,415.0,7.9,1
54.919999,413.6,415.0,7.8,1
54.939999,415.2,415.0,8.1,1
54.959999,414.6,415.0,7.9,1
54.979999,413.9,415.0,7.9,1
54.999999,415.3,415.0,8.0,1
55.019999,413.1,415.0,7.9,1
55.039999,414.3,415.0,7.7,1
55.059999,414.1,415.0,8.0,1
55.079999,414.9,415.0,7.9,1
55.099999,415.2,415.0,8.0,1
55.119999,414.6,415.0,7.8,1
55.139999,415.8,415.0,7.7,1
55.159999,413.5,415.0,8.3,1
55.179999,416.5,415.0,8.0,1
55.199999,417.1,415.0,7.9,1
55.219999,416.2,415.0,7.7,1
55.239999,415.3,415.0,7.9,1
55.259999,417.4,415.0,7.8,1
55.279999,414.0,415.0,7.8,1
55.299999,416.0,415.0,8.2,1
55.319999,418.7,415.0,8.1,1
55.339999,413.9,415.0,7.9,1
55.359999,414.8,415.0,8.1,1
55.379999,417.0,415.0,8.0,1
55.399999,417.1,415.0,7.9,1
55.419999,414.1,415.0,7.8,1
55.439999,412.3,415.0,8.0,1
55.459999,413.7,415.0,8.0,1
55.479999,415.3,415.0,7.9,1
55.499999,413.8,415.0,8.1,1
55.519999,412.9,415.0,8.2,1
55.539999,413.8,415.0,8.0,1
55.559999,418.1,415.0,7.8,1
55.579999,417.0,415.0,7.8,1
55.599999,414.5,415.0,8.0,1
55.619999,414.4,415.0,8.3,1
55.639999,412.6,415.0,8.0,1
55.659999,416.3,415.0,8.0,1
55.679999,414.8,415.0,7.9,1
55.699999,414.5,415.0,7.9,1
55.719999,414.5,415.0,7.8,1
55.739999,414.3,415.0,7.8,1
55.759999,414.5,415.0,8.1,1
55.779999,415.5,415.0,7.9,1
55.799999,415.7,415.0,8.3,1
55.819999,415.3,415.0,8.0,1
55.839999,416.9,415.0,8.0,1
55.859999,417.9,415.0,7.9,1
55.879999,413.5,415.0,7.7,1
55.899999,417.0,415.0,7.8,1
55.919999,414.9,415.0,8.1,1
55.939999,415.5,415.0,8.0,1
55.959999,414.5,415.0,8.1,1
55.979999,413.3,415.0,7.8,1
55.999999,414.9,415.0,7.9,1
56.019999,414.3,415.0,8.0,1
56.039999,412.1,415.0,7.8,1
56.059999,415.4,415.0,8.0,1
56.079999,414.6,415.0,8.2,1
56.099999,415.9,415.0,8.1,1
56.119999,413.8,415.0,7.8,1
56.139999,415.2,415.0,7.6,1
56.159999,416.0,415.0,8.1,1
56.179999,415.4,415.0,7.9,1
56.199999,416.1,415.0,8.0,1
56.219999,415.5,415.0,8.0,1
56.239999,414.6,415.0,7.6,1
56.259999,415.0,415.0,7.8,1
56.271399,418.4,415.0,7.6,1