energy,T1_Fe.txt,T2_Fe.txt,T3_Fe.txt,T4_Fe.txt,T5_Fe.txt,energy,T1_F.txt,T2_F.txt,T3_F.txt,T4_F.txt,T5_F.txt,energy,T1_O.txt,T2_O.txt,T3_O.txt,T4_O.txt,T5_O.txt,energy,T1_C.txt,T2_C.txt,T3_C.txt,T4_C.txt,T5_C.txt
700,1.12411,1.00207,1.11267,1.27988,1.21957,680,1.12969,0.945143,1.14592,1.30938,1.3046,525,1.13456,0.884556,1.22769,1.548,1.58241,280,2.87743,1.71636,2.02346,2.00685,2.0413
700.5,1.09467,0.969867,0.981333,1.24571,1.24629,680.5,1.15456,0.979,1.13831,1.375,1.31827,526,1.19161,0.912,1.30723,1.62614,1.64124,280.5,2.86517,1.69716,2.01404,2.01015,1.99025
701,1.20022,1.03953,1.06444,1.30147,1.158,681,1.13719,0.918905,1.10431,1.30338,1.22633,527,1.164,0.875037,1.25862,1.63243,1.618,281,2.96547,1.72152,1.98425,2.069,2.04315
701.5,1.17633,1.0344,1.02044,1.23635,1.26386,681.5,1.10619,0.936619,1.18862,1.27952,1.25,528,1.19311,0.899111,1.30562,1.63971,1.64035,281.5,2.99013,1.72508,1.96661,2.02231,2.02195
702,1.19689,1.02267,1.03744,1.25847,1.24857,682,1.11131,0.921952,1.19462,1.23281,1.2938,529,1.18289,0.884444,1.38431,1.63729,1.61476,282,2.9224,1.72544,2.00318,2.10615,2.0109
702.5,1.13578,0.992133,1.05189,1.27624,1.25514,682.5,1.11394,0.96219,1.21669,1.29452,1.25427,530,1.17856,0.962482,1.41477,1.65386,1.63271,282.5,3.00043,1.74972,1.97893,2.12492,2.0467
703,1.12756,1.0692,1.02111,1.24282,1.21,683,1.13962,0.903762,1.19554,1.29052,1.26753,530.2,1.19594,1.03796,1.39454,1.66186,1.65176,283,2.98903,1.71884,1.99361,2.12215,2.05515
703.5,1.16644,0.988133,1.01356,1.30782,1.26357,683.5,1.13587,0.922333,1.253,1.29981,1.23553,530.4,1.20683,1.12089,1.42869,1.65729,1.638,283.5,2.9706,1.77252,1.96471,2.10546,2.11075
704,1.235,0.9912,1.07011,1.26041,1.22757,684,1.124,0.925,1.28538,1.29395,1.30507,530.6,1.2255,1.22374,1.49015,1.67186,1.63482,284,3.02757,1.82336,2.14879,2.28792,2.17705
704.1,1.17611,0.988867,1.112,1.26841,1.25414,684.15,1.12356,0.934667,1.24481,1.27624,1.24693,530.8,1.20072,1.28385,1.51669,1.65143,1.61971,284.15,3.053,1.94912,2.22529,2.31469,2.2507
704.2,1.217,1.01627,1.11333,1.20924,1.27729,684.3,1.12812,0.946952,1.25338,1.26976,1.219,531,1.20733,1.30774,1.50523,1.66029,1.62018,284.3,3.01223,2.01028,2.28225,2.45023,2.3788
704.3,1.19922,0.998667,1.09022,1.26765,1.23471,684.45,1.08613,0.914381,1.23042,1.28262,1.2524,531.2,1.21539,1.32063,1.53854,1.672,1.62729,284.45,3.00773,2.05012,2.35821,2.53231,2.4766
704.4,1.26511,0.993533,1.04033,1.25329,1.26014,684.6,1.09625,0.914095,1.2585,1.261,1.3018,531.4,1.21689,1.29815,1.53454,1.706,1.65394,284.6,2.9402,2.14568,2.55282,2.67131,2.6246
704.5,1.154,1.04887,1.107,1.27418,1.23586,684.75,1.13969,0.965571,1.25727,1.26086,1.27507,531.6,1.22983,1.36656,1.65915,1.76243,1.69018,284.75,2.94473,2.25304,2.62975,2.63431,2.7476
704.6,1.31511,1.00787,1.14111,1.24106,1.24729,684.9,1.11944,0.926143,1.23123,1.32719,1.25727,531.8,1.21439,1.31126,1.592,1.68543,1.62929,284.9,2.915,2.27268,2.58786,2.76854,2.6872
704.7,1.17767,0.9906,1.12444,1.26206,1.27329,685.05,1.10088,0.935714,1.25735,1.28733,1.3022,532,1.23717,1.33667,1.54492,1.68886,1.65194,285.05,2.91677,2.29736,2.58354,2.778,2.72555
704.8,1.19367,0.979667,1.15911,1.25541,1.21357,685.2,1.09787,0.923619,1.23008,1.30957,1.28027,532.2,1.22422,1.30148,1.58023,1.71129,1.65365,285.2,2.89783,2.27636,2.62632,2.75654,2.699
704.9,1.15644,1.00733,1.08367,1.25335,1.21786,685.35,1.10394,0.891667,1.23335,1.25686,1.29307,532.4,1.21811,1.3017,1.61585,1.69143,1.64082,285.35,2.76833,2.31772,2.70639,2.66723,2.72385
705,1.20844,0.977133,1.156,1.25618,1.262,685.5,1.104,0.962381,1.2135,1.30633,1.2382,532.6,1.21756,1.28859,1.60638,1.68429,1.64853,285.5,2.80963,2.2664,2.50721,2.70785,2.68715
705.1,1.20011,1.00393,1.11133,1.23659,1.24743,685.65,1.13287,0.938286,1.24185,1.25548,1.2556,532.8,1.20778,1.23411,1.56185,1.66357,1.64606,285.65,2.8304,2.19128,2.49171,2.62192,2.66515
705.2,1.20222,1.0412,1.06022,1.24635,1.19271,685.8,1.10331,0.952333,1.233,1.26762,1.29087,533,1.20856,1.20089,1.54808,1.68857,1.64994,285.8,2.8204,2.16648,2.44086,2.67269,2.64445
705.3,1.29611,1.0718,1.07767,1.27788,1.22671,685.95,1.14087,0.943714,1.22296,1.26676,1.25,533.2,1.18994,1.15122,1.54454,1.67443,1.62329,285.95,2.87043,2.14692,2.45,2.62092,2.6045
705.4,1.27311,1.03887,1.09544,1.25741,1.24043,686.1,1.08844,0.955476,1.24285,1.32114,1.24113,533.4,1.17578,1.11104,1.47662,1.63057,1.62094,286.1,2.96497,2.1728,2.42296,2.61915,2.5981
705.5,1.31644,1.05733,1.07589,1.22276,1.24586,686.25,1.10287,0.959809,1.26846,1.25824,1.30313,533.6,1.19378,1.11111,1.49423,1.67571,1.62718,286.25,3.08797,2.19524,2.47436,2.699,2.5868
705.6,1.31833,1.06,1.12467,1.27947,1.28314,686.4,1.11975,0.947762,1.22188,1.3191,1.25993,533.8,1.18472,1.08507,1.53423,1.66914,1.62688,286.4,3.0923,2.20196,2.55464,2.69977,2.6278
705.7,1.41478,1.0876,1.10067,1.26924,1.26,686.55,1.13581,0.950333,1.30877,1.3079,1.25373,534,1.19239,1.09211,1.59446,1.67757,1.63088,286.55,3.03667,2.2498,2.56839,2.60646,2.6025
705.8,1.29544,1.0488,1.055,1.27218,1.18829,686.7,1.10263,0.986714,1.25627,1.28557,1.2766,534.2,1.18017,1.09337,1.57785,1.68529,1.64265,286.7,2.98547,2.26604,2.51254,2.57523,2.62815
705.9,1.35789,1.06807,1.12411,1.23194,1.31329,686.85,1.16269,0.923,1.19358,1.24819,1.27147,534.4,1.2005,1.10381,1.58192,1.68614,1.64341,286.85,2.8192,2.25692,2.53971,2.68877,2.6003
706,1.399,1.07413,1.05744,1.27218,1.21129,687,1.14169,1.00676,1.19073,1.29657,1.2974,534.6,1.19611,1.10952,1.60515,1.70857,1.639,287,2.86793,2.32292,2.60429,2.65315,2.504
706.1,1.402,1.093,1.08811,1.26629,1.24214,687.15,1.12875,0.945381,1.18738,1.27043,1.26753,534.8,1.18711,1.11422,1.60454,1.68857,1.64971,287.15,2.77137,2.21008,2.49825,2.60269,2.53185
706.2,1.38133,1.03593,1.06956,1.26353,1.22329,687.3,1.10475,1.00405,1.16654,1.29638,1.256,535,1.18561,1.12856,1.60431,1.71343,1.69088,287.3,2.78043,2.1708,2.41421,2.55731,2.6287
706.3,1.49122,1.16773,1.13867,1.24082,1.217,687.45,1.12181,1.01624,1.13992,1.26714,1.26047,535.2,1.187,1.13559,1.57685,1.71571,1.663,287.45,2.96477,2.27392,2.50646,2.67246,2.66265
706.4,1.51967,1.20693,1.09733,1.23482,1.21386,687.6,1.11537,0.978619,1.16638,1.24829,1.236,535.4,1.19089,1.16041,1.62915,1.69029,1.63329,287.6,2.92967,2.19976,2.52436,2.69831,2.71015
706.5,1.54678,1.2098,1.135,1.30053,1.20243,687.75,1.14869,1.01662,1.19896,1.3209,1.26873,535.6,1.18567,1.17356,1.61985,1.68271,1.62847,287.75,3.0295,2.35656,2.54996,2.75415,2.70195
706.6,1.67456,1.1858,1.14422,1.298,1.26629,687.9,1.14619,1.0219,1.21838,1.28733,1.26487,535.8,1.19028,1.17333,1.59554,1.69414,1.63924,287.9,2.9296,2.27164,2.59525,2.69454,2.69345
706.7,1.72422,1.25227,1.16022,1.24071,1.27757,688.05,1.15494,1.00948,1.18381,1.30076,1.27207,536,1.20922,1.17359,1.56869,1.69357,1.63971,288.05,2.8996,2.34312,2.54757,2.73677,2.72765
706.8,1.79,1.334,1.14233,1.30159,1.21157,688.2,1.10375,1.00529,1.18404,1.29014,1.2606,536.2,1.19422,1.22563,1.60862,1.66,1.61841,288.2,2.87617,2.4232,2.73339,2.76838,2.7084
706.9,1.89678,1.35967,1.20267,1.22035,1.23429,688.35,1.12756,1.02071,1.22731,1.31776,1.27053,536.4,1.1995,1.22774,1.62877,1.66643,1.62118,288.35,2.85087,2.53896,2.76804,2.74538,2.68645
707,2.02111,1.35287,1.223,1.27718,1.24986,688.5,1.14225,1.03624,1.18388,1.28519,1.25633,536.6,1.22739,1.25089,1.59038,1.67314,1.64776,288.5,2.78877,2.4636,2.65089,2.69308,2.71755
707.1,2.13144,1.40327,1.24922,1.32306,1.27186,688.65,1.13919,1.02929,1.17123,1.29924,1.2438,536.8,1.21411,1.22633,1.64369,1.66943,1.61341,288.65,2.8251,2.442,2.68436,2.59438,2.5849
707.2,2.268,1.37633,1.24611,1.23065,1.219,688.8,1.13219,1.06833,1.20627,1.30486,1.25893,537,1.22506,1.2877,1.61669,1.68986,1.65765,288.8,2.7733,2.44188,2.67489,2.60038,2.63575
707.3,2.417,1.55227,1.20478,1.22553,1.25943,688.95,1.13456,1.00424,1.24219,1.27067,1.23487,537.2,1.20478,1.2727,1.53208,1.64229,1.64118,288.95,2.76433,2.33852,2.70207,2.65131,2.55455
707.4,2.32667,1.58047,1.22189,1.22971,1.20714,689.1,1.14462,1.04981,1.1965,1.26771,1.26967,537.4,1.20578,1.31711,1.61769,1.61971,1.58029,289.1,2.77967,2.36832,2.60761,2.63531,2.54245
707.5,2.30556,1.67073,1.20933,1.28376,1.27886,689.25,1.12613,1.05281,1.23465,1.26643,1.22267,537.6,1.19933,1.30993,1.60615,1.62329,1.59071,289.25,2.7065,2.28696,2.61804,2.63815,2.65575
707.6,2.37033,1.6912,1.23567,1.26565,1.288,689.4,1.12756,1.02652,1.27538,1.25971,1.28353,537.8,1.18428,1.27511,1.56146,1.58043,1.55447,289.4,2.7328,2.28452,2.41446,2.52915,2.54065
707.7,2.29789,1.5756,1.30867,1.26729,1.28271,689.55,1.13162,1.05581,1.25069,1.29214,1.2838,538,1.201,1.28933,1.54669,1.63086,1.54794,289.55,2.72007,2.2872,2.45407,2.624,2.5554
707.8,2.35022,1.66873,1.23144,1.24947,1.26771,689.7,1.12094,1.076,1.22981,1.26771,1.26593,538.2,1.17594,1.31952,1.52508,1.61829,1.57182,289.7,2.66603,2.26464,2.3685,2.59415,2.5492
707.9,2.40433,1.82067,1.23256,1.29918,1.22386,689.85,1.1525,1.11671,1.24535,1.27881,1.26267,538.4,1.2055,1.34874,1.59585,1.62043,1.52476,289.85,2.6712,2.227,2.40818,2.58462,2.49505
708,2.45578,1.80533,1.37633,1.252,1.23971,690,1.1035,1.05067,1.25196,1.28343,1.28793,538.6,1.18061,1.3197,1.55731,1.56686,1.55406,290,2.64847,2.303,2.55207,2.53638,2.5915
708.1,2.39244,1.7488,1.39033,1.28329,1.28186,690.15,1.15281,1.109,1.26192,1.25067,1.29733,538.8,1.22378,1.354,1.60238,1.58857,1.556,290.15,2.6263,2.25248,2.43011,2.603,2.54905
708.2,2.40833,1.92987,1.41033,1.31241,1.26771,690.3,1.16325,1.08243,1.24508,1.30348,1.2006,539,1.20372,1.34374,1.59646,1.62629,1.60906,290.3,2.647,2.2862,2.52243,2.53254,2.5069
708.3,2.35389,1.7754,1.33167,1.22359,1.236,690.45,1.14162,1.07933,1.26096,1.30571,1.28233,539.2,1.20506,1.38974,1.58623,1.59971,1.53194,290.45,2.64443,2.32732,2.45243,2.53131,2.5303
708.4,2.34933,1.74133,1.35533,1.28471,1.23014,690.6,1.19025,1.10776,1.25096,1.29248,1.27027,539.4,1.2075,1.36381,1.60646,1.60971,1.53435,290.6,2.63117,2.24564,2.45507,2.40746,2.54095
708.5,2.30878,1.90947,1.36611,1.23271,1.26314,690.75,1.16356,1.0761,1.22954,1.24,1.2294,539.6,1.23033,1.36404,1.62477,1.59214,1.56606,290.75,2.48233,2.42744,2.52057,2.51531,2.5115
708.6,2.36167,2.05647,1.47956,1.32341,1.24871,690.9,1.13569,1.114,1.25858,1.27262,1.26373,539.8,1.20567,1.33767,1.61308,1.61214,1.53206,290.9,2.52767,2.27396,2.42754,2.52892,2.43785
708.7,2.55767,1.87807,1.43911,1.27159,1.27057,691.05,1.17006,1.1309,1.27065,1.27871,1.25973,540,1.21661,1.39311,1.599,1.59143,1.58518,291.05,2.58013,2.26548,2.50043,2.50569,2.4877
708.8,2.38911,1.89327,1.43733,1.31976,1.27614,691.2,1.1345,1.1071,1.23569,1.28852,1.26967,540.2,1.18567,1.38019,1.63677,1.61214,1.54347,291.2,2.55137,2.36176,2.62114,2.51892,2.4868
708.9,2.33822,1.94387,1.44478,1.31018,1.23886,691.35,1.12731,1.14324,1.25058,1.20157,1.224,540.4,1.25889,1.41856,1.65808,1.60871,1.57435,291.35,2.50607,2.52688,2.53782,2.53562,2.5832
709,2.34456,2.046,1.54133,1.3,1.21386,691.5,1.11469,1.10233,1.27254,1.25452,1.27113,540.6,1.25833,1.39381,1.60538,1.596,1.53576,291.5,2.4888,2.54896,2.60529,2.59231,2.6903
709.1,2.39433,1.98453,1.49933,1.32041,1.23943,691.8,1.15269,1.16033,1.26431,1.27481,1.277,540.8,1.23494,1.44504,1.60908,1.57514,1.54447,291.8,2.53577,2.48636,2.60757,2.50131,2.5519
709.2,2.38256,1.98293,1.54822,1.28618,1.26586,692.1,1.19462,1.1219,1.26719,1.27333,1.26147,541,1.24239,1.46233,1.67669,1.60614,1.58894,292.1,2.64007,2.4234,2.60782,2.60331,2.5046
709.3,2.46044,1.9524,1.46767,1.30724,1.25214,692.4,1.15219,1.12286,1.24377,1.28624,1.2582,541.2,1.20194,1.43156,1.62469,1.60071,1.58206,292.4,2.6691,2.29628,2.56071,2.568,2.5286
709.4,2.45589,1.9328,1.49044,1.31053,1.223,692.7,1.12112,1.17905,1.27908,1.30776,1.2756,541.4,1.28294,1.48337,1.70962,1.629,1.58094,292.7,2.63843,2.34712,2.54271,2.58292,2.53205
709.5,2.34767,1.94,1.54656,1.30747,1.25671,693,1.1595,1.1071,1.29373,1.24333,1.26633,541.6,1.26,1.49933,1.67138,1.61486,1.57288,293,2.56817,2.41592,2.51193,2.56131,2.49075
709.6,2.36978,2.14027,1.62722,1.34047,1.273,693.3,1.19263,1.12276,1.28642,1.2681,1.3322,541.8,1.29111,1.50781,1.63977,1.58557,1.56994,293.3,2.58967,2.33896,2.47186,2.53938,2.52705
709.7,2.37356,2.05887,1.59067,1.26665,1.25929,693.6,1.11494,1.1119,1.24577,1.2221,1.2274,542,1.26394,1.47344,1.67092,1.59114,1.57535,293.6,2.5972,2.35044,2.44911,2.44746,2.43075
709.8,2.33278,2.05187,1.60033,1.27988,1.23657,693.9,1.14244,1.13462,1.24096,1.2879,1.22753,542.2,1.20139,1.45167,1.63169,1.64686,1.56971,293.9,2.45103,2.35432,2.413,2.41685,2.42745
709.9,2.40589,2.0806,1.588,1.27212,1.24086,694.2,1.14587,1.08543,1.25269,1.27614,1.2266,542.4,1.22506,1.45422,1.66969,1.61814,1.58247,294.2,2.47093,2.26104,2.31114,2.40046,2.4068
710,2.31322,2.0278,1.56122,1.31665,1.247,694.5,1.12806,1.12571,1.24942,1.3051,1.27947,542.6,1.23411,1.475,1.64977,1.63414,1.58141,294.5,2.43773,2.19584,2.36029,2.37738,2.36
710.1,2.39467,2.1336,1.57033,1.29324,1.26657,694.8,1.12869,1.1219,1.27596,1.26686,1.2644,542.8,1.22906,1.44241,1.63554,1.66643,1.59124,294.8,2.42657,2.2126,2.33379,2.435,2.3965
710.2,2.36433,1.9356,1.50222,1.34259,1.19929,695.1,1.14869,1.0549,1.23396,1.30981,1.26513,543,1.23344,1.43107,1.679,1.64657,1.59059,295.1,2.3733,2.1398,2.35368,2.30492,2.40815
710.3,2.40344,2.11973,1.55389,1.293,1.26057,695.4,1.14194,1.07324,1.30419,1.24981,1.25967,543.2,1.2215,1.43219,1.68446,1.619,1.599,295.4,2.41727,2.25112,2.37311,2.30562,2.3763
710.4,2.43722,2.06653,1.54556,1.29435,1.28986,695.7,1.15938,1.12729,1.21177,1.24881,1.25013,543.4,1.25678,1.42133,1.66638,1.64743,1.58888,295.7,2.44533,2.31388,2.38243,2.43115,2.41265
710.5,2.44533,2.06473,1.491,1.30141,1.24343,696,1.16025,1.12395,1.20819,1.27333,1.2728,543.6,1.21394,1.37274,1.611,1.605,1.60582,296,2.43737,2.26288,2.32346,2.35854,2.3638
710.6,2.414,2.02713,1.47944,1.319,1.32786,696.3,1.17263,1.0719,1.24746,1.29348,1.25393,543.8,1.21939,1.37404,1.65669,1.64257,1.59953,296.3,2.4849,2.25116,2.44364,2.36438,2.5113
710.7,2.41344,2.08393,1.578,1.33265,1.21814,696.6,1.16719,1.09819,1.2795,1.298,1.2952,544,1.182,1.33526,1.63108,1.59257,1.59159,296.6,2.51447,2.19052,2.392,2.45854,2.4695
710.8,2.46133,2.00173,1.53211,1.34835,1.27357,696.9,1.13631,1.08295,1.24173,1.30276,1.21047,544.2,1.19611,1.37567,1.64662,1.64557,1.58282,296.9,2.4186,2.27416,2.43479,2.407,2.33715
710.9,2.46156,2.02107,1.62911,1.26576,1.22714,697.2,1.15956,1.08105,1.21204,1.28224,1.24407,544.4,1.19117,1.26515,1.57669,1.63886,1.62018,297.2,2.40317,2.19936,2.34175,2.41131,2.4679
711,2.37656,1.9578,1.48311,1.34059,1.28443,697.5,1.13994,1.0651,1.19165,1.27471,1.2178,544.6,1.17322,1.25452,1.59785,1.65129,1.59135,297.5,2.50093,2.2746,2.45996,2.48731,2.43325
711.1,2.40978,1.93373,1.47056,1.27929,1.23414,697.8,1.12256,1.05871,1.21069,1.25229,1.1782,544.8,1.17283,1.25796,1.61577,1.65157,1.62465,297.8,2.51177,2.2354,2.43932,2.45208,2.47255
711.2,2.369,1.8394,1.43478,1.27776,1.17743,698.1,1.10175,1.02652,1.18954,1.28729,1.2206,545,1.19106,1.26493,1.60631,1.65214,1.57382,298.1,2.44953,2.3556,2.41682,2.54538,2.42895
711.3,2.396,1.8156,1.44778,1.32094,1.31029,698.4,1.17531,1.04762,1.13238,1.32657,1.2896,545.2,1.16794,1.20641,1.58492,1.64643,1.61706,298.4,2.5033,2.25844,2.49968,2.51408,2.4544
711.4,2.37244,1.77667,1.44867,1.25771,1.26986,698.7,1.12744,1.02071,1.16858,1.34062,1.2246,545.4,1.18211,1.22644,1.62785,1.66657,1.61694,298.7,2.46107,2.2956,2.46529,2.47608,2.49895
711.5,2.41278,1.95133,1.50844,1.33853,1.24,699,1.20794,1.0319,1.15846,1.27624,1.23153,545.6,1.15767,1.25833,1.623,1.61157,1.58741,299,2.45473,2.24288,2.37979,2.42354,2.4381
711.8,2.46744,1.789,1.34833,1.25965,1.24414,699.3,1.16288,1.017,1.17588,1.23319,1.20907,545.8,1.12478,1.20174,1.55823,1.60114,1.58541,300,2.47177,2.19024,2.37936,2.46723,2.4348
712.1,2.33522,1.69667,1.31589,1.231,1.20971,699.6,1.17394,1.00048,1.14562,1.26833,1.22807,546,1.16844,1.19511,1.54169,1.69457,1.64782,301,2.43267,2.23716,2.41246,2.44608,2.40975
712.4,2.33667,1.70793,1.35911,1.25906,1.21829,699.9,1.1505,1.00738,1.16646,1.2439,1.222,547,1.13839,1.22981,1.63423,1.64143,1.60376,302,2.50837,2.16416,2.33432,2.39331,2.3972
712.7,2.38689,1.71693,1.36078,1.30029,1.23843,700.2,1.14931,1.05295,1.13362,1.2369,1.24167,548,1.16756,1.2227,1.53638,1.67457,1.61206,303,2.37037,2.14652,2.38414,2.38415,2.38235
713,2.25167,1.5486,1.31411,1.266,1.17443,700.5,1.17956,1.0651,1.14177,1.28038,1.26207,549,1.18678,1.28978,1.65454,1.67286,1.64182,304,2.37107,2.1744,2.39039,2.34569,2.2713
713.3,2.31422,1.656,1.38556,1.26582,1.17129,700.8,1.15925,1.04381,1.11546,1.25867,1.25967,550,1.18689,1.16837,1.57723,1.63843,1.60618,305,2.2886,1.85824,2.18279,2.18277,2.1899
713.6,2.38156,1.6002,1.32167,1.24141,1.18829,701.1,1.137,1.02695,1.16258,1.26919,1.21927,-0.05171,,,,,,306,2.33513,1.89772,2.19439,2.24269,2.26445
713.9,2.29722,1.45367,1.31922,1.24082,1.22643,701.4,1.18281,1.05305,1.12146,1.2759,1.23533,-0.01357,,,,,,307,2.13567,1.78136,2.128,2.20546,2.177
714.2,2.29567,1.48713,1.29622,1.27559,1.182,701.7,1.18869,1.05405,1.11508,1.26743,1.2474,-0.058,,,,,,308,2.24653,1.86672,2.18186,2.164,2.1436
714.5,2.11933,1.36487,1.27667,1.21412,1.19129,702,1.12637,0.983762,1.12027,1.227,1.252,-0.04871,,,,,,309,2.12947,1.87544,2.12079,2.056,2.01235
714.8,2.22789,1.427,1.27711,1.22894,1.26857,702.3,1.17469,1.03971,1.13996,1.27286,1.24307,0.02857,,,,,,310,1.9392,1.5646,1.86057,1.95431,1.93055
715.1,2.28378,1.34367,1.20489,1.22135,1.21014,702.6,1.17581,1.03119,1.13677,1.25452,1.2354,-0.02986,,,,,,,,,,,
715.4,2.16422,1.3744,1.23244,1.26176,1.19514,702.9,1.19169,1.03743,1.10373,1.28362,1.21267,-0.04486,,,,,,,,,,,
715.7,2.22311,1.30467,1.19044,1.24529,1.25029,703.2,1.29469,1.07814,1.15719,1.29067,1.22973,0.01029,,,,,,,,,,,
716,2.22022,1.40933,1.22544,1.20906,1.2,703.5,1.22487,0.990429,1.14362,1.27405,1.22887,-0.04,,,,,,,,,,,
716.1,2.13389,1.2986,1.24833,1.25853,1.15714,703.8,1.21019,1.07757,1.11962,1.24181,1.23553,-0.08286,,,,,,,,,,,
716.2,2.20244,1.42027,1.20667,1.27818,1.24429,704.1,1.22925,1.06057,1.07342,1.24224,1.25067,0.00429,,,,,,,,,,,
716.3,2.24211,1.3774,1.18022,1.25659,1.26343,704.4,1.21606,1.07295,1.1335,1.23214,1.21487,0.02343,,,,,,,,,,,
716.4,2.14678,1.257,1.19622,1.25753,1.19529,704.7,1.23644,1.05686,1.13469,1.27705,1.23187,-0.04471,,,,,,,,,,,
716.5,2.14444,1.34467,1.197,1.22694,1.19771,705,1.28506,1.12176,1.11808,1.25324,1.23167,-0.04229,,,,,,,,,,,
716.6,2.16222,1.3828,1.23478,1.23924,1.17929,,716.6,1.02222,0.3828,0.20478,-0.02076,-0.06071,,,,,,,,,,,
716.7,2.26222,1.32833,1.217,1.24571,1.191,,716.7,1.12222,0.32833,0.187,-0.01429,-0.049,,,,,,,,,,,
716.8,2.14611,1.31827,1.21722,1.25665,1.21957,,716.8,1.00611,0.31827,0.18722,-0.00335,-0.02043,,,,,,,,,,,
716.9,2.09967,1.32913,1.291,1.27465,1.27186,,716.9,0.95967,0.32913,0.261,0.01465,0.03186,,,,,,,,,,,
717,2.087,1.433,1.23111,1.23947,1.178,,717,0.947,0.433,0.20111,-0.02053,-0.062,,,,,,,,,,,
717.1,2.22,1.31827,1.19522,1.24565,1.22571,,717.1,1.08,0.31827,0.16522,-0.01435,-0.01429,,,,,,,,,,,
717.2,2.11311,1.3154,1.20733,1.23929,1.23857,,717.2,0.97311,0.3154,0.17733,-0.02071,-0.00143,,,,,,,,,,,
717.3,2.11078,1.30887,1.24311,1.23359,1.23,,717.3,0.97078,0.30887,0.21311,-0.02641,-0.01,,,,,,,,,,,
717.4,2.08056,1.288,1.244,1.23941,1.21086,,717.4,0.94056,0.288,0.214,-0.02059,-0.02914,,,,,,,,,,,
717.5,2.19178,1.29773,1.20744,1.21406,1.23443,,717.5,1.05178,0.29773,0.17744,-0.04594,-0.00557,,,,,,,,,,,
717.6,2.06644,1.32613,1.19067,1.26747,1.227,,717.6,0.92644,0.32613,0.16067,0.00747,-0.013,,,,,,,,,,,
717.7,2.17011,1.356,1.21144,1.25188,1.21043,,717.7,1.03011,0.356,0.18144,-0.00812,-0.02957,,,,,,,,,,,
717.8,2.19622,1.32553,1.24011,1.25771,1.17943,,717.8,1.05622,0.32553,0.21011,-0.00229,-0.06057,,,,,,,,,,,
717.9,2.257,1.341,1.22711,1.23588,1.25471,,717.9,1.117,0.341,0.19711,-0.02412,0.01471,,,,,,,,,,,
718,2.08433,1.32627,1.21667,1.29612,1.21286,,718,0.94433,0.32627,0.18667,0.03612,-0.02714,,,,,,,,,,,
718.1,2.202,1.3332,1.17044,1.27218,1.24857,,718.1,1.062,0.3332,0.14044,0.01218,0.00857,,,,,,,,,,,
718.2,2.20089,1.297,1.25389,1.25812,1.21543,,718.2,1.06089,0.297,0.22389,-0.00188,-0.02457,,,,,,,,,,,
718.3,2.24167,1.45353,1.20456,1.24653,1.22886,,718.3,1.10167,0.45353,0.17456,-0.01347,-0.01114,,,,,,,,,,,
718.4,2.32233,1.41047,1.18844,1.243,1.20329,,718.4,1.18233,0.41047,0.15844,-0.017,-0.03671,,,,,,,,,,,
718.5,2.191,1.40507,1.21844,1.25459,1.223,,718.5,1.051,0.40507,0.18844,-0.00541,-0.017,,,,,,,,,,,
718.6,2.25611,1.32367,1.23211,1.28735,1.199,,718.6,1.11611,0.32367,0.20211,0.02735,-0.041,,,,,,,,,,,
718.7,2.16156,1.36967,1.19456,1.25476,1.17,,718.7,1.02156,0.36967,0.16456,-0.00524,-0.07,,,,,,,,,,,
718.8,2.20189,1.4074,1.21156,1.27024,1.17,,718.8,1.06189,0.4074,0.18156,0.01024,-0.07,,,,,,,,,,,
718.9,2.21267,1.3844,1.20133,1.27618,1.20686,,718.9,1.07267,0.3844,0.17133,0.01618,-0.03314,,,,,,,,,,,
719,2.23556,1.39353,1.21167,1.28359,1.19143,,719,1.09556,0.39353,0.18167,0.02359,-0.04857,,,,,,,,,,,
719.1,2.21344,1.45313,1.211,1.257,1.23043,,719.1,1.07344,0.45313,0.181,-0.003,-0.00957,,,,,,,,,,,
719.2,2.20511,1.37553,1.16056,1.27435,1.22057,,719.2,1.06511,0.37553,0.13056,0.01435,-0.01943,,,,,,,,,,,
719.3,2.22244,1.34547,1.20722,1.226,1.23943,,719.3,1.08244,0.34547,0.17722,-0.034,-0.00057,,,,,,,,,,,
719.4,2.14811,1.29627,1.19633,1.21365,1.20614,,719.4,1.00811,0.29627,0.16633,-0.04635,-0.03386,,,,,,,,,,,
719.5,2.20967,1.3912,1.20978,1.23012,1.18629,,719.5,1.06967,0.3912,0.17978,-0.02988,-0.05371,,,,,,,,,,,
719.6,2.35922,1.4724,1.19167,1.30012,1.22857,,719.6,1.21922,0.4724,0.16167,0.04012,-0.01143,,,,,,,,,,,
719.7,2.23389,1.452,1.22367,1.24929,1.22886,,719.7,1.09389,0.452,0.19367,-0.01071,-0.01114,,,,,,,,,,,
719.8,2.24822,1.4682,1.24822,1.24394,1.22771,,719.8,1.10822,0.4682,0.21822,-0.01606,-0.01229,,,,,,,,,,,
719.9,2.24744,1.5142,1.22389,1.24494,1.28757,,719.9,1.10744,0.5142,0.19389,-0.01506,0.04757,,,,,,,,,,,
720,2.33867,1.46687,1.25389,1.19535,1.17957,,720,1.19867,0.46687,0.22389,-0.06465,-0.06043,,,,,,,,,,,
720.1,2.33822,1.43507,1.24644,1.24512,1.20086,,720.1,1.19822,0.43507,0.21644,-0.01488,-0.03914,,,,,,,,,,,
720.2,2.367,1.5896,1.23978,1.25324,1.21557,,720.2,1.227,0.5896,0.20978,-0.00676,-0.02443,,,,,,,,,,,
720.3,2.34233,1.566,1.24278,1.25588,1.225,,720.3,1.20233,0.566,0.21278,-0.00412,-0.015,,,,,,,,,,,
720.4,2.24667,1.44107,1.27833,1.24629,1.20257,,720.4,1.10667,0.44107,0.24833,-0.01371,-0.03743,,,,,,,,,,,
720.5,2.34433,1.52007,1.23,1.23629,1.223,,720.5,1.20433,0.52007,0.2,-0.02371,-0.017,,,,,,,,,,,
720.6,2.28033,1.5624,1.252,1.23606,1.245,,720.6,1.14033,0.5624,0.222,-0.02394,0.005,,,,,,,,,,,
720.7,2.34311,1.55493,1.28867,1.25676,1.19229,,720.7,1.20311,0.55493,0.25867,-0.00324,-0.04771,,,,,,,,,,,
720.8,2.19578,1.56767,1.20733,1.23359,1.18371,,720.8,1.05578,0.56767,0.17733,-0.02641,-0.05629,,,,,,,,,,,
720.9,2.30911,1.53013,1.25878,1.25671,1.27157,,720.9,1.16911,0.53013,0.22878,-0.00329,0.03157,,,,,,,,,,,
721,2.27389,1.58613,1.27956,1.28388,1.19686,,721,1.13389,0.58613,0.24956,0.02388,-0.04314,,,,,,,,,,,
721.1,2.33578,1.50807,1.23478,1.25671,1.20286,,721.1,1.19578,0.50807,0.20478,-0.00329,-0.03714,,,,,,,,,,,
721.2,2.23989,1.45813,1.24789,1.25776,1.19643,,721.2,1.09989,0.45813,0.21789,-0.00224,-0.04357,,,,,,,,,,,
721.3,2.28889,1.51993,1.26267,1.23435,1.19457,,721.3,1.14889,0.51993,0.23267,-0.02565,-0.04543,,,,,,,,,,,
721.4,2.38789,1.5898,1.31278,1.28665,1.16357,,721.4,1.24789,0.5898,0.28278,0.02665,-0.07643,,,,,,,,,,,
721.5,2.33222,1.651,1.35833,1.25641,1.24043,,721.5,1.19222,0.651,0.32833,-0.00359,0.00043,,,,,,,,,,,
721.6,2.26567,1.54233,1.31622,1.28118,1.22829,,721.6,1.12567,0.54233,0.28622,0.02118,-0.01171,,,,,,,,,,,
721.7,2.31467,1.61307,1.30467,1.21329,1.22257,,721.7,1.17467,0.61307,0.27467,-0.04671,-0.01743,,,,,,,,,,,
721.8,2.35078,1.53133,1.31856,1.25759,1.18429,,721.8,1.21078,0.53133,0.28856,-0.00241,-0.05571,,,,,,,,,,,
721.9,2.33356,1.67353,1.29,1.25482,1.20829,,721.9,1.19356,0.67353,0.26,-0.00518,-0.03171,,,,,,,,,,,
722,2.32978,1.64267,1.29911,1.27124,1.14014,,722,1.18978,0.64267,0.26911,0.01124,-0.09986,,,,,,,,,,,
722.1,2.32911,1.73,1.31211,1.27782,1.18757,,722.1,1.18911,0.73,0.28211,0.01782,-0.05243,,,,,,,,,,,
722.2,2.40178,1.656,1.30267,1.27006,1.21957,,722.2,1.26178,0.656,0.27267,0.01006,-0.02043,,,,,,,,,,,
722.3,2.34689,1.62407,1.32167,1.24824,1.199,,722.3,1.20689,0.62407,0.29167,-0.01176,-0.041,,,,,,,,,,,
722.4,2.38711,1.56553,1.39344,1.27053,1.28557,,722.4,1.24711,0.56553,0.36344,0.01053,0.04557,,,,,,,,,,,
722.5,2.42311,1.58593,1.304,1.27265,1.166,,722.5,1.28311,0.58593,0.274,0.01265,-0.074,,,,,,,,,,,
722.6,2.34544,1.64653,1.374,1.24882,1.20029,,722.6,1.20544,0.64653,0.344,-0.01118,-0.03971,,,,,,,,,,,
722.7,2.30733,1.58213,1.32,1.25559,1.22314,,722.7,1.16733,0.58213,0.29,-0.00441,-0.01686,,,,,,,,,,,
722.8,2.30478,1.54167,1.32533,1.23953,1.21657,,722.8,1.16478,0.54167,0.29533,-0.02047,-0.02343,,,,,,,,,,,
723.1,2.28811,1.5406,1.28911,1.21894,1.22643,,723.1,1.14811,0.5406,0.25911,-0.04106,-0.01357,,,,,,,,,,,
723.4,2.23222,1.45247,1.25522,1.28812,1.22529,,723.4,1.09222,0.45247,0.22522,0.02812,-0.01471,,,,,,,,,,,
723.7,2.265,1.566,1.33878,1.26959,1.19271,,723.7,1.125,0.566,0.30878,0.00959,-0.04729,,,,,,,,,,,
724,2.30067,1.50513,1.30411,1.21512,1.20071,,724,1.16067,0.50513,0.27411,-0.04488,-0.03929,,,,,,,,,,,
724.3,2.29756,1.4782,1.29211,1.24518,1.26914,,724.3,1.15756,0.4782,0.26211,-0.01482,0.02914,,,,,,,,,,,
724.6,2.22433,1.45233,1.27644,1.23541,1.18257,,724.6,1.08433,0.45233,0.24644,-0.02459,-0.05743,,,,,,,,,,,
724.9,2.24733,1.53873,1.268,1.22088,1.22371,,724.9,1.10733,0.53873,0.238,-0.03912,-0.01629,,,,,,,,,,,
725.2,2.27889,1.50513,1.26622,1.22665,1.16929,,725.2,1.13889,0.50513,0.23622,-0.03335,-0.07071,,,,,,,,,,,
725.5,2.24489,1.41193,1.26411,1.22841,1.21443,,725.5,1.10489,0.41193,0.23411,-0.03159,-0.02557,,,,,,,,,,,
725.8,2.17067,1.37587,1.26167,1.25376,1.19671,,725.8,1.03067,0.37587,0.23167,-0.00624,-0.04329,,,,,,,,,,,
726.1,2.25911,1.46807,1.22511,1.24812,1.19871,,726.1,1.11911,0.46807,0.19511,-0.01188,-0.04129,,,,,,,,,,,
726.4,2.20278,1.32847,1.20344,1.23224,1.19043,,726.4,1.06278,0.32847,0.17344,-0.02776,-0.04957,,,,,,,,,,,
726.7,2.23144,1.32807,1.17522,1.23735,1.18214,,726.7,1.09144,0.32807,0.14522,-0.02265,-0.05786,,,,,,,,,,,
727,2.16222,1.3184,1.21622,1.24618,1.21671,,727,1.02222,0.3184,0.18622,-0.01382,-0.02329,,,,,,,,,,,
727.3,2.24167,1.34813,1.19344,1.26412,1.16243,,727.3,1.10167,0.34813,0.16344,0.00412,-0.07757,,,,,,,,,,,
727.6,2.24422,1.34827,1.21444,1.25312,1.18686,,727.6,1.10422,0.34827,0.18444,-0.00688,-0.05314,,,,,,,,,,,
727.9,2.19811,1.34553,1.19344,1.21112,1.20243,,727.9,1.05811,0.34553,0.16344,-0.04888,-0.03757,,,,,,,,,,,
728.2,2.23867,1.4136,1.192,1.23371,1.21986,,728.2,1.09867,0.4136,0.162,-0.02629,-0.02014,,,,,,,,,,,
728.5,2.19467,1.38633,1.19356,1.21653,1.16657,,728.5,1.05467,0.38633,0.16356,-0.04347,-0.07343,,,,,,,,,,,
728.8,2.22311,1.33213,1.20944,1.23035,1.16986,,728.8,1.08311,0.33213,0.17944,-0.02965,-0.07014,,,,,,,,,,,
729.1,2.19011,1.28373,1.21222,1.20953,1.22871,,729.1,1.05011,0.28373,0.18222,-0.05047,-0.01129,,,,,,,,,,,
729.4,2.14944,1.32947,1.20689,1.241,1.22486,,729.4,1.00944,0.32947,0.17689,-0.019,-0.01514,,,,,,,,,,,
729.7,2.28856,1.34673,1.17733,1.22582,1.21529,,729.7,1.14856,0.34673,0.14733,-0.03418,-0.02471,,,,,,,,,,,
730,2.19589,1.2726,1.19411,1.22424,1.18729,,730,1.05589,0.2726,0.16411,-0.03576,-0.05271,,,,,,,,,,,
